Segment,시작 원본인덱스,시작 시각,보간포함,Label,AI0_mean,AI0_std,AI0_rms,AI0_peak,AI0_p2p,AI0_kurt,AI0_skew,AI0_crest,AI1_mean,AI1_std,AI1_rms,AI1_peak,AI1_p2p,AI1_kurt,AI1_skew,AI1_crest,AI2_mean,AI2_std,AI2_rms,AI2_peak,AI2_p2p,AI2_kurt,AI2_skew,AI2_crest,corr_AI0_AI1,corr_AI0_AI2,corr_AI1_AI2,AI2_period8,ratio_AI0_AI2,ratio_AI1_AI2,ratio_AI0_AI1,판정가능
1,4,2022-07-17 10:51:16.724,False,1,-0.006982663368750031,0.5159142951119083,0.5159615465211903,1.0141485,2.0225514,-0.3122228439805883,0.14099262375128196,1.96555054700835,0.08048621075,0.27249808723146585,0.2841359492667216,0.63460179,0.9875507000000001,0.9497648347756593,-1.4652202366490477,2.2334442073864165,29.6533143125,88.74777878775286,93.57076086831738,185.966514,293.254887,-1.1191978506151716,0.1540308748576543,1.9874425758032643,-0.4442399332529633,0.0016797600513350584,0.49645429140890807,-0.30667678644484253,0.005514132211100706,0.0030365890651096405,1.8158967489075148,True
1,20,2022-07-17 10:51:18.324,False,1,-0.038703512375000027,0.44941920118871975,0.45108267564523996,0.97580285,1.7588449800000001,-0.16818544898876642,0.4047833611652103,2.163246124680331,0.026057905687500004,0.2934249876727415,0.29457976481687803,0.61829442,0.99321025,-0.6355023025159516,-0.7560281657301261,2.098903230452218,16.912819875,110.75020592614419,112.03415367113521,183.582328,364.780469,-0.8628399041969059,-0.5862852793368774,1.6386282395535126,-0.45821863084982395,0.05771976686378561,0.020560222629361493,-0.08879918842804349,0.004026296096896907,0.002629374660887668,1.5312751570891168,True
1,36,2022-07-17 10:51:19.924,False,1,0.0807106819375,0.029903276374588006,0.08607217969095056,0.14821433,0.108370088,-0.298898481316475,0.5691056569690046,1.7219771885895778,-0.077798861,0.15473428499840333,0.17319169069809445,0.25953743,0.44255586,0.4939433092576646,1.5400576623894224,1.4985559004237816,75.9959310625,36.318508839550965,84.22835402870457,135.898606,143.051164,-0.06015988764150304,-0.33562705474270316,1.6134543713591563,-0.44022489258311476,-0.19566119082982164,-0.20543369729840638,-0.8784781103322145,0.0010218907953682393,0.002056216017697219,0.49697638116478976,True
2,54,2022-07-17 10:51:23.615,False,1,-0.1065583040625,0.33818640639773606,0.3545768148608858,0.90681008,1.02449358,0.736926250637918,-1.5961459137863099,2.5574432450011617,-0.07350356468750001,0.14433950782510208,0.16197736737261229,0.32970889,0.49831804,2.920235687333941,2.1524200267916664,2.0355244399147354,55.730349375,86.13181553906811,102.58928545182299,165.700932,263.452561,-1.0750800602466581,-0.44584383374572345,1.6151875049155586,-0.7952755348491557,0.6792643725703333,-0.5128615711755046,0.15567512952455617,0.00345627531471012,0.0015788916616314534,2.189051597839705,True
2,70,2022-07-17 10:51:25.215,False,1,0.13986622850000002,0.5980606552490061,0.6141979397813743,1.0029671,1.8123015,-1.3140901451106628,-0.1389889954183993,1.6329704726085688,-0.010620655000000007,0.39327410190021356,0.39341748504362206,0.67001737,1.0727448499999999,-1.3842516037259105,-0.5441679958806519,1.7030696282492592,-92.46171612500001,50.72171791706791,105.46023713816831,163.316746,171.661397,-0.6296805124375888,0.6567308894527875,1.548609698137045,-0.3080913869064437,0.14609301521637932,-0.1381577680307661,-0.6672014500499106,0.005823976471593604,0.003730481703053519,1.561186177867189,True
3,101,2022-07-17 10:51:31.734,False,1,0.04576538448125,0.03068907195032976,0.05510253672825921,0.11274956,0.1166816233,-0.20948635680819905,0.648431236483419,2.046177303161737,-0.0547006114375,0.07952970126871664,0.09652528308960127,0.19192376,0.31333529,3.5164969582658543,2.0765823568276325,1.988326310546465,77.78407062500001,64.8739888987569,101.28670237810599,208.616281,302.791631,1.4946749362395995,-0.7825317511409736,2.059661101624474,0.02361505202267918,0.3431758465454874,0.18822642887522714,-0.5036177446814568,0.0005440253797834188,0.0009529906771894872,0.5708611771395616,True
4,132,2022-07-17 10:51:39.999,False,1,-0.13986033319374996,0.7032296893685622,0.7170027258040734,1.214663,2.3208175,-0.7489951118954075,0.4532481473309774,1.6940842151441362,0.004449772187499992,0.2612102095771718,0.26124810824170697,0.54426892,0.90584025,-0.5226625317119886,-0.5922755037852252,2.083341095417395,-113.09982674999999,98.7225381650127,150.1256485502141,259.876282,345.706981,-0.645049801952529,0.5238008091931966,1.731058513383051,-0.32340218118376646,-0.17692224457100653,-0.3190282929179558,0.21005121325856166,0.0047760175075230405,0.0017401963672738078,2.7445279149761417,True
6,153,2022-07-17 10:51:56.684,False,1,-0.37154168612500005,0.3164320880904526,0.48802919062479444,1.1479882,1.168924522,1.1815996473837211,-1.4957363481889583,2.352294129230876,0.16404339803125,0.13189475324945119,0.2104910030675248,0.33098199,0.43752129,-0.8902722886302663,-0.6163646294960322,1.5724282044198445,-39.562587625000006,88.43130896002411,96.87773089812254,267.02884,371.933027,1.0398990593630355,-1.218853070578131,2.7563490342358437,0.09528427913996003,0.7283515669925555,0.02783958718049009,-0.7242512730142937,0.005037578668497203,0.0021727491046304435,2.3185275546824027,True
6,169,2022-07-17 10:51:58.284,False,1,0.04144404771375,0.07611601063137424,0.08666750351391841,0.30700554,0.361667785,6.477031285881546,2.46394673079686,3.54233741082315,-0.0695207583125,0.09340605583829044,0.11643808270325852,0.2794558,0.41830892,9.224156658103212,3.1849113762790684,2.4000378013110257,30.025843375000004,48.00343214313094,56.62049777156863,135.898606,177.621862,-0.6519333296887084,0.3996562758248976,2.4001662180412695,-0.001389655997826645,-0.16854506107770795,-0.21017011762804713,-0.06230387417536936,0.0015306736416124827,0.002056465189921496,0.7443226606091567,True
6,185,2022-07-17 10:51:59.884,False,1,0.1649360541875,0.8358649029518168,0.8519824164603353,1.5525772,2.6246467,-1.1921361177275611,0.2291219863809234,1.8223113177034462,0.0036945874374999937,0.358869835920203,0.3588888534208422,0.70039838,1.18503307,-0.6895384442176171,-0.6933716038977373,1.9515746263055294,-198.0364555,113.1844118336434,228.09898901382985,399.351167,450.61116799999996,-0.09953758317248651,0.5495859602811479,1.7507800833601543,-0.6703231386278046,-0.3924206440497952,0.3045408708649059,0.27743523168578765,0.0037351433259034694,0.0015733908114738836,2.3739450482773257,True
7,203,2022-07-17 10:52:04.407,False,1,-0.11303203190625002,0.4957602884372705,0.50848255017086,0.9826353,1.69003471,-0.37812845360069103,0.7391448442108659,1.9324857847527226,0.10375806656249999,0.26567158444608174,0.2852141776961302,0.50135357,0.92335129,0.16083443897402327,-1.0928693577101884,1.757814334651157,-191.1819206875,136.28423111563254,234.78483436657635,349.28326,414.84837699999997,-0.9849278361284002,0.6363065083407222,1.4876738565432805,-0.5842704134018558,0.10289634516166356,0.042871260428493756,0.03514869894951747,0.002165738479415376,0.0012147896113716488,1.7828095162667612,True
7,219,2022-07-17 10:52:06.007,False,1,-0.037039549312499996,0.14695865387889248,0.15155452538004016,0.24953634,0.40390982,-1.751798637661132,-0.20119909320010115,1.6465119690372776,0.0467669045625,0.19940476738531698,0.20481553802958982,0.36077275,0.51172041,-1.784621302996486,0.31184050208295644,1.7614520532513451,-7.52508725,46.40312829022985,47.009331554911974,119.209304,166.893025,-0.11295798430892257,-0.9113590554090301,2.535864690199874,-0.9623236000888153,-0.02714312343971131,0.08659287558286634,0.40956243512055135,0.003223924279863629,0.004356912367289102,0.7399561910100052,True
8,243,2022-07-17 10:52:12.567,False,1,0.088341318625,0.031368396149975976,0.09374521242935877,0.16477118,0.12678130499999998,0.39694436351526985,0.7588066322737466,1.7576490119339425,-0.151691990625,0.016040913604326933,0.15253776886081877,0.17960418,0.060958769999999995,-0.543971964339625,-0.01266615660140924,1.1774407174126014,17.657878125000003,77.00913956466722,79.00764669554302,168.085118,288.486515,0.40701979461931614,-0.8741795236650222,2.127453797576305,0.416440482169044,-0.17374986740046747,-0.2564392995271624,0.49183259660493817,0.0011865334097420615,0.0019306709570609667,0.6145704970609308,True
11,280,2022-07-17 10:52:38.172,False,1,0.12221731856250001,0.28470805289656037,0.30983180653502673,0.9721493,1.08261916,2.885898236652249,1.939251126363137,3.137667855576015,0.0853507916875,0.14018083159370823,0.1641201486350369,0.24605405,0.41916538000000003,-0.9018455761014668,-0.7079175847100756,1.4992312159499932,-19.446017625000003,57.54352781684536,60.74047410977187,107.288373,209.80837400000001,-0.4959497504530823,0.12347482803159904,1.7663407237504516,-0.03051380347329987,-0.5810429039213963,-0.3181885692174521,0.25130802190618534,0.00510091188908223,0.0027019899176031195,1.8878352786775556,True
11,296,2022-07-17 10:52:39.772,False,1,0.0760057770625,0.023991549133778448,0.07970240006871158,0.12435039,0.09076463600000001,-0.5825365613686913,0.07068897663182785,1.5601837572368875,-0.16140234250000002,0.013724130160458483,0.16198477679445225,0.19228898,0.05064658999999999,-0.058246206309061854,-0.931684554224882,1.1870805627864756,16.4657850625,50.884744390406276,53.482513865762066,120.401397,206.232096,-0.33453549243942016,-0.2153048768011827,2.251229201794821,-0.2986991281101532,-0.13410212194579174,-0.3034713481651958,0.39578986747606343,0.001490251566498162,0.0030287427625601973,0.4920363607368398,True
11,312,2022-07-17 10:52:41.372,False,1,-0.06228874333124999,0.47240435835516364,0.47649319547999874,1.0064882,2.00192157,0.5936425576787054,-0.13427255164958685,2.1122824198698305,-0.15564007712500003,0.22870755826203135,0.27664233373375163,0.70132428,0.92218234,0.6358029190806631,-0.7120833316965993,2.535130001740711,-20.265581625000003,71.7673176711289,74.57373320619176,151.395816,275.373492,0.005059498314542665,0.7907470651164241,2.0301493500586854,-0.5576179476521146,0.3647122591500726,-0.03186095011784063,0.5258993339668586,0.006389558025243614,0.003709648449124207,1.7224160490873721,True
12,330,2022-07-17 10:52:45.655,False,1,-0.196684120375,0.7153712617907158,0.7419168992574089,1.3702583,2.5016624,-0.6194298148647643,0.2560958167793187,1.8469161456916583,0.04723853287499999,0.2826884190764845,0.28660813189465606,0.67905645,1.09034848,0.5640088771147158,-1.1484652734621876,2.369285356668072,-62.43587275000001,57.72407432386491,85.0312116966545,187.158607,237.226515,-0.13069587569684726,-0.044280371334868535,2.201057744157298,-0.19145266665959504,-0.027258554870171668,0.07051415290887139,0.6848319875841556,0.008725230235506561,0.0033706226946067677,2.588610777903899,True
12,346,2022-07-17 10:52:47.255,False,1,-0.0570526395,0.12337716710704563,0.135929868083791,0.23867505,0.336677979,-1.7735446610413517,-0.09644928062595882,1.755869062220188,0.051162024437499995,0.16814074514113186,0.17575227714359326,0.27229167,0.41551965999999996,-1.8304130603834352,0.09280702970046932,1.5492924155829402,36.433343375,51.59499431025778,63.1619501547901,157.356281,190.734886,-0.30231477527441974,0.727236361334915,2.4913144799102813,-0.9763799083242454,0.12310393936892765,-0.11418179546772803,-0.5456627928912556,0.0021520847242789305,0.0027825657173801573,0.7734173934641739,True
13,372,2022-07-17 10:52:53.769,False,1,0.19474321737499994,0.9288960334079585,0.9490904917839003,1.7322521,2.9479688,-1.051941640520183,0.14983012579928845,1.8251706396763892,-0.07620819743750001,0.2847687354159283,0.2947896233368128,0.57166391,0.9422743200000001,-0.9591088578637401,-0.19924072252202962,1.9392267052318992,81.5838670625,66.36486006641071,105.1675901430947,184.774421,301.599539,2.5788814645022455,-1.3896512602649354,1.7569521251612732,-0.5801358541701466,0.06554305104806335,0.10224126900757445,-0.5159986199070853,0.00902455300623067,0.002803046289600358,3.2195518995575836,True
15,415,2022-07-17 10:53:11.764,False,1,-0.022212202812499998,0.04533426449294094,0.05048343778804648,0.10146293,0.150082301,-0.8563108736046585,-0.3389482228420803,2.009826082486492,0.026506386537500003,0.019265725653590023,0.032768227175646196,0.0671475,0.0733773771,-0.35273562546614157,0.4484284734439596,2.0491648705946766,53.495174875000004,45.44610400326714,70.19317704722165,139.474885,174.045583,-0.5632455995994055,-0.06054113209540196,1.9870148476990843,-0.22979222389423135,-0.2292497979933646,0.28007477931604846,-0.6624353693593199,0.0007192071923754688,0.00046682923546261125,1.5406215758161759,True
15,431,2022-07-17 10:53:13.364,False,1,-0.0948146701875,0.0492117725244271,0.10682518540943592,0.18893828,0.211033581,0.4731972161096887,0.08754224300168745,1.7686679342127403,0.10554041918750001,0.06181145181729593,0.12230877179513788,0.19453942,0.281519133,3.3738148380996904,-1.6932170195034941,1.590559835935933,86.426745125,52.71053388511242,101.23232021126107,154.972095,196.695351,0.043267586499563304,-0.7624615217939069,1.5308559032983708,0.17000552190483684,-0.3003399054242611,-0.18652009791466267,-0.5002953441406798,0.0010552478219061179,0.0012081988394604857,0.8734057569342915,True
15,447,2022-07-17 10:53:14.964,False,1,0.1896064464375,0.548710338609685,0.580545984593651,1.1404441,1.8582964,-1.1267360306568128,-0.05982306553812625,1.9644337059677464,-0.05062449237500001,0.3599934431206714,0.3635355805393779,0.65263365,1.07761739,-1.4131607438652312,-0.3122074192665835,1.79524009460556,303.685701125,56.74115540500435,308.94103609665984,385.046051,195.503258,-0.8337533369959811,-0.15208674002618455,1.2463415539252896,-0.6417741595499752,0.0498867995483535,0.06982210025687242,0.1031470816290528,0.001879148176391863,0.00117671509467469,1.5969440562937325,True
16,465,2022-07-17 10:53:18.444,False,1,-0.01862212668750001,0.26532567025635606,0.2659783729917714,0.67080878,1.28214022,1.5302200370899754,-0.0870328691881804,2.5220425723137754,-0.1621387198125,0.19272370159216498,0.25185589057598445,0.66757532,0.8605407199999999,1.0387470880521192,-0.614676946513051,2.650624206061973,223.66645593750002,93.93632139287546,242.59166512571537,429.153493,398.15907400000003,0.056220771611345643,0.17336590620860948,1.7690364290859084,-0.5395441837034207,-0.17213939890127544,-0.06317537847642934,0.26522568321741063,0.001096403591829656,0.00103818855625344,1.056073663329809,True
16,481,2022-07-17 10:53:20.044,False,1,-0.0033670609875,0.037800113712849415,0.03794977860802209,0.059083299,0.109639446,-1.4523891002063802,0.21783284716633186,1.5568812564168837,0.053556337499999995,0.018373774676760934,0.05662046345877335,0.083165527,0.059720389,-1.036878922726834,0.11507575014660973,1.4688245542277258,194.98171725,44.92737688455074,200.09082751461997,276.565584,152.587908,-1.0588731564777425,0.13299865479396422,1.3822002109506608,-0.31974722979781883,0.04917847098371526,-0.16283693505502936,-0.49050971912395,0.00018966276005455185,0.00028297380825533484,0.6702484630076224,True
16,497,2022-07-17 10:53:21.644,False,1,-0.012968652768749995,0.18095838428260105,0.18142249804477373,0.47744173,0.888308,2.119752745321837,0.49682187830360713,2.631656686163427,0.13640391086874998,0.1672404524163587,0.21581333560444832,0.4960348,0.70554547,0.29564073230750054,0.48024469060432085,2.2984436926045815,250.935584125,141.0509798413747,287.86115801609435,538.826052,486.373958,-0.9224201786546571,0.29840966856619905,1.8718261807655001,0.10573806319530524,-0.09456466510198248,0.7476516685262481,-0.31840850491709244,0.0006302430633403843,0.0007497132891836077,0.8406454473105056,True
17,515,2022-07-17 10:53:26.553,False,1,0.09344703687499999,0.5393665613791668,0.5474017137666854,0.90092174,1.65968049,-1.3294032483974787,0.02890793364009328,1.6458146135508676,-0.027105250062499975,0.38402128881339154,0.3849766809078817,0.67675328,1.12857647,-1.3349766313572942,-0.4553769400494158,1.757907202077872,389.21837625,66.15042304294805,394.79972502453387,474.453028,226.497677,-0.4382389408452436,-0.6621807978125311,1.2017562270858124,-0.11879869159974742,0.18980308736630175,-0.010300478053806428,0.3319979279629064,0.0013865301292514034,0.0009751189185452402,1.421908756851871,True
17,531,2022-07-17 10:53:28.153,False,1,0.016929563749999998,0.10590718499905208,0.10725176904456521,0.13810361,0.27407102,-1.7395974601240374,-0.2558863453796478,1.2876581079293454,0.06535646675,0.052331301584817976,0.08372593906075362,0.13039787,0.16401116599999999,-1.0236042681894153,-0.6345174454564282,1.5574369360656566,183.8058449375,45.23521629683091,189.29028878051133,239.6107,159.74046700000002,-0.46825150787143066,-0.8069183669925516,1.2658372573874455,-0.5706932219165364,0.4354837869597084,-0.3490817780825006,-0.2937001550927621,0.0005665994263917435,0.00044231502630246794,1.2809861585038855,True
18,551,2022-07-17 10:53:34.639,False,1,0.021978017625000013,0.8115250186545017,0.8118225724632903,1.8032037,3.3059389,0.3676725151784721,0.0996877602820776,2.221179554700715,-0.006300043081250005,0.2189857884189743,0.2190763932337425,0.50931629,0.88312104,0.14397335996143834,-0.3714109102288168,2.3248341935983374,231.48956631250002,103.99962951754564,253.77813588119858,385.046051,307.560004,-1.4936094035772838,0.016573508579309365,1.5172546274051442,0.03037077809795629,0.16899178034286266,-0.23586229187803623,-0.30628087111249497,0.003198946078015679,0.0008632595257784499,3.705659749460637,True
