,센서,이상 vs A,이상 vs B,B vs A(참고),최소 구분력,① 통과,② 묶음 번호,② 대표 선택,③ 관계용 유지,최종 선택
AI2_period8,AI2,1.0,1.0,0.55,1.0,True,1.0,True,False,True
AI2_kurt,AI2,0.978,1.0,0.941,0.978,True,2.0,True,False,True
ratio_AI0_AI2,관계,0.902,0.957,0.805,0.902,True,3.0,True,False,True
AI0_rms,AI0,0.869,0.98,0.939,0.869,True,4.0,True,True,True
ratio_AI1_AI2,관계,0.806,0.917,0.922,0.806,True,5.0,True,False,True
AI1_rms,AI1,0.803,0.967,0.912,0.803,True,6.0,True,True,True
AI1_skew,AI1,0.752,0.738,0.537,0.738,True,7.0,True,False,True
AI2_rms,AI2,0.516,0.659,0.715,0.516,False,,False,True,True
AI2_crest,AI2,0.857,0.892,0.857,0.857,True,2.0,False,False,False
AI0_peak,AI0,0.829,0.97,0.951,0.829,True,4.0,False,False,False
AI1_peak,AI1,0.782,0.952,0.905,0.782,True,6.0,False,False,False
AI0_std,AI0,0.752,0.851,0.92,0.752,True,4.0,False,False,False
AI0_p2p,AI0,0.746,0.856,0.93,0.746,True,4.0,False,False,False
AI1_p2p,AI1,0.701,0.845,0.905,0.701,True,6.0,False,False,False
ratio_AI0_AI1,관계,0.803,0.699,0.684,0.699,False,,False,False,False
AI1_std,AI1,0.685,0.85,0.902,0.685,False,,False,False,False
AI2_mean,AI2,0.681,0.679,0.522,0.679,False,,False,False,False
AI2_std,AI2,0.846,0.656,0.716,0.656,False,,False,False,False
AI2_peak,AI2,0.64,0.964,0.723,0.64,False,,False,False,False
AI1_kurt,AI1,0.727,0.62,0.697,0.62,False,,False,False,False
corr_AI0_AI1,관계,0.921,0.612,0.915,0.612,False,,False,False,False
corr_AI1_AI2,관계,0.586,0.595,0.508,0.586,False,,False,False,False
AI0_skew,AI0,0.615,0.58,0.553,0.58,False,,False,False,False
AI0_kurt,AI0,0.553,0.641,0.642,0.553,False,,False,False,False
AI0_crest,AI0,0.579,0.54,0.647,0.54,False,,False,False,False
AI2_p2p,AI2,0.726,0.536,0.72,0.536,False,,False,False,False
AI1_crest,AI1,0.529,0.606,0.693,0.529,False,,False,False,False
AI1_mean,AI1,0.527,0.526,0.503,0.526,False,,False,False,False
AI2_skew,AI2,0.528,0.525,0.515,0.525,False,,False,False,False
AI0_mean,AI0,0.503,0.532,0.512,0.503,False,,False,False,False
corr_AI0_AI2,관계,0.5,0.503,0.501,0.5,False,,False,False,False
