특징,이상 vs A,이상 vs B,B vs A
AI2_period8,1.0,1.0,0.55
AI2_kurt,0.978,1.0,0.941
corr_AI0_AI1,0.921,0.612,0.915
AI0_rms,0.869,0.98,0.939
AI2_crest,0.857,0.892,0.857
AI2_std,0.846,0.656,0.716
AI0_peak,0.829,0.97,0.951
AI1_rms,0.803,0.967,0.912
AI1_peak,0.782,0.952,0.905
AI0_std,0.752,0.851,0.92
AI1_skew,0.752,0.738,0.537
AI0_p2p,0.746,0.856,0.93
AI1_kurt,0.727,0.62,0.697
AI2_p2p,0.726,0.536,0.72
AI1_p2p,0.701,0.845,0.905
AI1_std,0.685,0.85,0.902
AI2_mean,0.681,0.679,0.522
AI2_peak,0.64,0.964,0.723
AI0_skew,0.615,0.58,0.553
corr_AI1_AI2,0.586,0.595,0.508
AI0_crest,0.579,0.54,0.647
AI0_kurt,0.553,0.641,0.642
AI1_crest,0.529,0.606,0.693
AI2_skew,0.528,0.525,0.515
AI1_mean,0.527,0.526,0.503
AI2_rms,0.516,0.659,0.715
AI0_mean,0.503,0.532,0.512
corr_AI0_AI2,0.5,0.503,0.501
