,A,B,anom
AI0_mean,-0.0006,0.0,-0.0052
AI0_std,0.0687,0.038,0.3006
AI0_rms,0.0707,0.038,0.3322
AI0_peak,0.1421,0.0692,0.9039
AI0_p2p,0.2496,0.13,1.1258
AI0_kurt,-0.6369,-0.9534,-0.3452
AI0_skew,-0.0124,0.0515,0.1203
AI0_crest,2.0107,1.8377,1.8897
AI1_mean,0.0001,0.0001,0.0041
AI1_std,0.1076,0.043,0.1804
AI1_rms,0.1083,0.0431,0.2132
AI1_peak,0.1951,0.0865,0.4284
AI1_p2p,0.3312,0.151,0.6086
AI1_kurt,-1.1396,-0.7787,-0.4377
AI1_skew,0.2838,0.2543,-0.4998
AI1_crest,1.7811,1.99,1.8672
AI2_mean,0.6706,0.447,33.2296
AI2_std,113.5667,85.424,65.5122
AI2_rms,113.5715,85.5155,101.938
AI2_peak,169.2772,116.8251,185.3705
AI2_p2p,336.1702,231.266,250.3395
AI2_kurt,-1.4737,-1.5657,-0.4532
AI2_skew,-0.0023,0.0011,-0.0524
AI2_crest,1.4469,1.3577,1.7616
corr_AI0_AI1,0.3443,-0.2265,-0.3216
corr_AI0_AI2,0.0073,0.004,0.0254
corr_AI1_AI2,0.0046,0.0079,-0.0475
AI2_period8,-0.9948,-0.997,-0.0756
