시차(샘플),시차(초),자기상관,쌍의 개수
1,0.1,0.928,19400
2,0.2,0.727,18810
3,0.3,0.426,18227
4,0.4,0.065,17652
5,0.5,-0.305,17082
6,0.6,-0.633,16517
7,0.7,-0.874,15959
8,0.8,-0.992,15409
9,0.9,-0.968,14871
10,1.0,-0.807,14341
11,1.1,-0.536,13820
12,1.2,-0.19,13309
13,1.3,0.181,12808
14,1.4,0.529,12320
15,1.5,0.805,11840
16,1.6,0.967,11367
17,1.7,0.992,10898
18,1.8,0.874,10435
19,1.9,0.637,9978
20,2.0,0.311,9526
21,2.1,-0.057,9082
22,2.2,-0.42,8646
23,2.3,-0.724,8222
24,2.4,-0.927,7809
25,2.5,-0.999,7407
26,2.6,-0.928,7015
27,2.7,-0.729,6633
28,2.8,-0.43,6261
29,2.9,-0.072,5893
30,3.0,0.297,5533
31,3.1,0.627,5179
32,3.2,0.871,4829
33,3.3,0.991,4488
34,3.4,0.967,4152
35,3.5,0.807,3826
36,3.6,0.539,3510
37,3.7,0.196,3206
38,3.8,-0.174,2910
39,3.9,-0.524,2627
40,4.0,-0.801,2351
