윈도 길이,최대 흔들림(%),이상 사용 구간,정상 윈도 수,이상 윈도 수,정상 실제 미사용(%),이상 실제 미사용(%),모두 만족
8,58.6,18,2282,67,8.7,10.7,False
9,56.1,17,1935,57,12.9,14.5,False
10,51.7,17,1820,53,9.0,11.7,False
11,45.8,16,1543,44,15.1,19.3,False
12,38.7,16,1460,43,12.4,14.0,False
13,30.8,16,1176,35,23.6,24.2,False
14,22.5,16,1123,34,21.4,20.7,False
15,14.3,16,1076,32,19.3,20.0,False
16,6.7,14,1043,28,16.6,25.3,True
17,5.5,14,805,23,31.6,34.8,True
18,9.1,14,779,23,29.9,31.0,True
19,10.6,13,753,21,28.5,33.5,False
20,10.6,13,728,21,27.2,30.0,False
21,10.2,13,707,20,25.8,30.0,False
22,8.4,13,681,19,25.1,30.3,True
23,5.2,13,653,19,24.9,27.2,True
24,4.7,13,633,18,24.0,28.0,True
25,8.2,12,604,17,24.5,29.2,True
26,10.6,11,392,11,49.0,52.3,False
27,11.6,11,382,11,48.4,50.5,False
28,11.6,11,372,11,47.9,48.7,False
29,11.6,10,368,10,46.6,51.7,False
30,10.8,10,360,10,46.0,50.0,False
