낮음,첫구간,끝구간,구간수,시작시각,끝시각,시작원본인덱스,끝원본인덱스
True,472,559,88,2022-07-12 00:59:53.992,2022-07-12 01:11:30.788,15630,18678
True,25,27,3,2022-07-12 00:03:20.215,2022-07-12 00:03:44.676,885,972
True,137,139,3,2022-07-12 00:17:16.447,2022-07-12 00:17:32.480,4971,5101
True,281,282,2,2022-07-12 00:35:41.235,2022-07-12 00:35:49.315,9499,9579
True,183,184,2,2022-07-12 00:23:09.220,2022-07-12 00:23:17.204,6354,6418
True,352,353,2,2022-07-12 00:44:13.300,2022-07-12 00:44:15.484,11753,11807
True,442,443,2,2022-07-12 00:55:52.785,2022-07-12 00:56:02.752,14663,14716
True,326,327,2,2022-07-12 00:41:09.181,2022-07-12 00:41:17.117,10952,10973
True,14,14,1,2022-07-12 00:01:51.655,2022-07-12 00:01:51.655,507,520
True,23,23,1,2022-07-12 00:03:04.000,2022-07-12 00:03:04.000,799,848
True,35,35,1,2022-07-12 00:04:40.416,2022-07-12 00:04:40.416,1207,1244
True,37,37,1,2022-07-12 00:04:56.641,2022-07-12 00:04:56.641,1282,1305
True,39,39,1,2022-07-12 00:05:12.566,2022-07-12 00:05:12.566,1318,1329
True,42,42,1,2022-07-12 00:05:29.007,2022-07-12 00:05:29.007,1381,1430
True,45,45,1,2022-07-12 00:05:52.492,2022-07-12 00:05:52.492,1503,1519
True,17,17,1,2022-07-12 00:02:15.921,2022-07-12 00:02:15.921,621,656
True,19,19,1,2022-07-12 00:02:31.936,2022-07-12 00:02:31.936,693,715
True,2,2,1,2022-07-12 00:00:15.267,2022-07-12 00:00:15.267,78,101
True,6,6,1,2022-07-12 00:00:47.676,2022-07-12 00:00:47.676,212,261
True,9,9,1,2022-07-12 00:01:11.621,2022-07-12 00:01:11.621,329,341
True,11,11,1,2022-07-12 00:01:27.857,2022-07-12 00:01:27.857,392,441
True,4,4,1,2022-07-12 00:00:32.752,2022-07-12 00:00:32.752,112,161
True,64,64,1,2022-07-12 00:07:59.767,2022-07-12 00:07:59.767,2337,2386
True,61,61,1,2022-07-12 00:07:39.560,2022-07-12 00:07:39.560,2187,2236
True,58,58,1,2022-07-12 00:07:19.348,2022-07-12 00:07:19.348,2037,2086
True,56,56,1,2022-07-12 00:07:04.844,2022-07-12 00:07:04.844,1937,1986
True,54,54,1,2022-07-12 00:06:49.646,2022-07-12 00:06:49.646,1837,1886
True,51,51,1,2022-07-12 00:06:29.384,2022-07-12 00:06:29.384,1687,1736
True,48,48,1,2022-07-12 00:06:09.177,2022-07-12 00:06:09.177,1575,1624
True,69,69,1,2022-07-12 00:08:39.956,2022-07-12 00:08:39.956,2587,2636
True,96,96,1,2022-07-12 00:12:04.143,2022-07-12 00:12:04.143,3623,3660
True,98,98,1,2022-07-12 00:12:20.177,2022-07-12 00:12:20.177,3686,3709
True,104,104,1,2022-07-12 00:13:07.971,2022-07-12 00:13:07.971,3901,3934
True,110,110,1,2022-07-12 00:13:55.976,2022-07-12 00:13:55.976,4103,4125
True,83,83,1,2022-07-12 00:10:19.799,2022-07-12 00:10:19.799,3188,3192
True,86,86,1,2022-07-12 00:10:43.851,2022-07-12 00:10:43.851,3289,3321
True,77,77,1,2022-07-12 00:09:38.862,2022-07-12 00:09:38.862,2987,2998
True,72,72,1,2022-07-12 00:09:00.084,2022-07-12 00:09:00.084,2737,2786
True,120,120,1,2022-07-12 00:15:08.384,2022-07-12 00:15:08.384,4399,4448
True,123,123,1,2022-07-12 00:15:31.742,2022-07-12 00:15:31.742,4520,4537
True,129,129,1,2022-07-12 00:16:11.955,2022-07-12 00:16:11.955,4729,4748
True,126,126,1,2022-07-12 00:15:48.726,2022-07-12 00:15:48.726,4595,4644
True,131,131,1,2022-07-12 00:16:29.364,2022-07-12 00:16:29.364,4756,4805
True,134,134,1,2022-07-12 00:16:52.351,2022-07-12 00:16:52.351,4890,4911
True,141,141,1,2022-07-12 00:17:48.487,2022-07-12 00:17:48.487,5125,5137
True,143,143,1,2022-07-12 00:18:04.588,2022-07-12 00:18:04.588,5140,5140
True,146,146,1,2022-07-12 00:18:20.724,2022-07-12 00:18:20.724,5241,5280
True,148,148,1,2022-07-12 00:18:36.700,2022-07-12 00:18:36.700,5307,5332
True,152,152,1,2022-07-12 00:19:09.428,2022-07-12 00:19:09.428,5354,5403
True,154,154,1,2022-07-12 00:19:24.471,2022-07-12 00:19:24.471,5454,5500
True,112,112,1,2022-07-12 00:14:13.584,2022-07-12 00:14:13.584,4136,4185
True,115,115,1,2022-07-12 00:14:35.936,2022-07-12 00:14:35.936,4276,4302
True,88,88,1,2022-07-12 00:10:59.756,2022-07-12 00:10:59.756,3345,3356
True,80,80,1,2022-07-12 00:09:55.827,2022-07-12 00:09:55.827,3099,3140
True,169,169,1,2022-07-12 00:21:25.804,2022-07-12 00:21:25.804,5890,5939
True,164,164,1,2022-07-12 00:20:45.131,2022-07-12 00:20:45.131,5739,5788
True,180,180,1,2022-07-12 00:22:45.020,2022-07-12 00:22:45.020,6250,6256
True,177,177,1,2022-07-12 00:22:21.169,2022-07-12 00:22:21.169,6152,6197
True,190,190,1,2022-07-12 00:24:04.940,2022-07-12 00:24:04.940,6586,6611
True,192,192,1,2022-07-12 00:24:22.654,2022-07-12 00:24:22.654,6624,6673
True,200,200,1,2022-07-12 00:25:25.093,2022-07-12 00:25:25.093,6918,6950
True,187,187,1,2022-07-12 00:23:42.270,2022-07-12 00:23:42.270,6450,6499
True,215,215,1,2022-07-12 00:27:17.417,2022-07-12 00:27:17.417,7380,7389
True,218,218,1,2022-07-12 00:27:41.443,2022-07-12 00:27:41.443,7490,7527
True,223,223,1,2022-07-12 00:28:21.540,2022-07-12 00:28:21.540,7666,7705
True,226,226,1,2022-07-12 00:28:45.484,2022-07-12 00:28:45.484,7750,7751
True,230,230,1,2022-07-12 00:29:17.574,2022-07-12 00:29:17.574,7895,7926
True,233,233,1,2022-07-12 00:29:35.745,2022-07-12 00:29:35.745,7947,7996
True,240,240,1,2022-07-12 00:30:22.688,2022-07-12 00:30:22.688,8182,8231
True,210,210,1,2022-07-12 00:26:38.648,2022-07-12 00:26:38.648,7207,7256
True,243,243,1,2022-07-12 00:30:46.032,2022-07-12 00:30:46.032,8304,8319
True,245,245,1,2022-07-12 00:31:02.945,2022-07-12 00:31:02.945,8326,8375
True,252,252,1,2022-07-12 00:31:58.020,2022-07-12 00:31:58.020,8593,8642
True,250,250,1,2022-07-12 00:31:41.922,2022-07-12 00:31:41.922,8534,8542
True,257,257,1,2022-07-12 00:32:38.608,2022-07-12 00:32:38.608,8727,8776
True,260,260,1,2022-07-12 00:33:01.594,2022-07-12 00:33:01.594,8854,8872
True,262,262,1,2022-07-12 00:33:17.456,2022-07-12 00:33:17.456,8894,8901
True,255,255,1,2022-07-12 00:32:21.964,2022-07-12 00:32:21.964,8708,8720
True,266,266,1,2022-07-12 00:33:49.428,2022-07-12 00:33:49.428,9011,9049
True,269,269,1,2022-07-12 00:34:13.260,2022-07-12 00:34:13.260,9091,9094
True,274,274,1,2022-07-12 00:34:45.928,2022-07-12 00:34:45.928,9283,9332
True,272,272,1,2022-07-12 00:34:29.244,2022-07-12 00:34:29.244,9195,9237
True,157,157,1,2022-07-12 00:19:48.638,2022-07-12 00:19:48.638,5554,5559
True,159,159,1,2022-07-12 00:20:04.636,2022-07-12 00:20:04.636,5610,5659
True,117,117,1,2022-07-12 00:14:51.621,2022-07-12 00:14:51.621,4330,4346
True,91,91,1,2022-07-12 00:11:24.056,2022-07-12 00:11:24.056,3456,3491
True,288,288,1,2022-07-12 00:36:29.468,2022-07-12 00:36:29.468,9762,9797
True,284,284,1,2022-07-12 00:36:05.268,2022-07-12 00:36:05.268,9602,9611
True,279,279,1,2022-07-12 00:35:25.092,2022-07-12 00:35:25.092,9441,9448
True,277,277,1,2022-07-12 00:35:09.147,2022-07-12 00:35:09.147,9412,9432
True,304,304,1,2022-07-12 00:38:29.302,2022-07-12 00:38:29.302,10248,10297
True,306,306,1,2022-07-12 00:38:45.418,2022-07-12 00:38:45.418,10336,10370
True,299,299,1,2022-07-12 00:37:49.246,2022-07-12 00:37:49.246,10085,10132
True,294,294,1,2022-07-12 00:37:09.360,2022-07-12 00:37:09.360,9936,9977
True,315,315,1,2022-07-12 00:39:51.184,2022-07-12 00:39:51.184,10583,10632
True,318,318,1,2022-07-12 00:40:13.200,2022-07-12 00:40:13.200,10725,10755
True,323,323,1,2022-07-12 00:40:45.865,2022-07-12 00:40:45.865,10828,10877
True,330,330,1,2022-07-12 00:41:33.240,2022-07-12 00:41:33.240,11074,11115
True,333,333,1,2022-07-12 00:41:57.470,2022-07-12 00:41:57.470,11160,11161
True,337,337,1,2022-07-12 00:42:29.388,2022-07-12 00:42:29.388,11291,11322
True,312,312,1,2022-07-12 00:39:33.471,2022-07-12 00:39:33.471,10541,10564
True,297,297,1,2022-07-12 00:37:33.270,2022-07-12 00:37:33.270,10027,10034
True,344,344,1,2022-07-12 00:43:17.444,2022-07-12 00:43:17.444,11528,11548
True,346,346,1,2022-07-12 00:43:33.096,2022-07-12 00:43:33.096,11563,11564
True,350,350,1,2022-07-12 00:43:57.268,2022-07-12 00:43:57.268,11707,11734
True,356,356,1,2022-07-12 00:44:37.312,2022-07-12 00:44:37.312,11904,11935
True,360,360,1,2022-07-12 00:45:10.440,2022-07-12 00:45:10.440,12013,12062
True,363,363,1,2022-07-12 00:45:33.352,2022-07-12 00:45:33.352,12147,12167
True,365,365,1,2022-07-12 00:45:50.892,2022-07-12 00:45:50.892,12177,12226
True,371,371,1,2022-07-12 00:46:31.584,2022-07-12 00:46:31.584,12357,12406
True,377,377,1,2022-07-12 00:47:11.896,2022-07-12 00:47:11.896,12557,12606
True,381,381,1,2022-07-12 00:47:41.964,2022-07-12 00:47:41.964,12729,12741
True,385,385,1,2022-07-12 00:48:14.176,2022-07-12 00:48:14.176,12843,12882
True,388,388,1,2022-07-12 00:48:38.047,2022-07-12 00:48:38.047,12928,12931
True,391,391,1,2022-07-12 00:48:54.584,2022-07-12 00:48:54.584,13032,13070
True,394,394,1,2022-07-12 00:49:18.634,2022-07-12 00:49:18.634,13110,13110
True,341,341,1,2022-07-12 00:42:54.375,2022-07-12 00:42:54.375,11399,11448
True,302,302,1,2022-07-12 00:38:13.239,2022-07-12 00:38:13.239,10189,10197
True,399,399,1,2022-07-12 00:49:58.730,2022-07-12 00:49:58.730,13259,13265
True,396,396,1,2022-07-12 00:49:34.708,2022-07-12 00:49:34.708,13161,13204
True,407,407,1,2022-07-12 00:51:10.863,2022-07-12 00:51:10.863,13529,13566
True,402,402,1,2022-07-12 00:50:30.952,2022-07-12 00:50:30.952,13362,13395
True,418,418,1,2022-07-12 00:52:39.609,2022-07-12 00:52:39.609,13853,13902
True,421,421,1,2022-07-12 00:53:03.651,2022-07-12 00:53:03.651,13964,13973
True,429,429,1,2022-07-12 00:54:07.775,2022-07-12 00:54:07.775,14244,14282
True,404,404,1,2022-07-12 00:50:46.896,2022-07-12 00:50:46.896,13417,13428
True,431,431,1,2022-07-12 00:54:23.963,2022-07-12 00:54:23.963,14311,14335
True,433,433,1,2022-07-12 00:54:41.336,2022-07-12 00:54:41.336,14347,14396
True,436,436,1,2022-07-12 00:55:04.088,2022-07-12 00:55:04.088,14481,14502
True,439,439,1,2022-07-12 00:55:28.258,2022-07-12 00:55:28.258,14563,14611
True,446,446,1,2022-07-12 00:56:24.832,2022-07-12 00:56:24.832,14811,14841
True,451,451,1,2022-07-12 00:57:04.747,2022-07-12 00:57:04.747,14968,15004
True,459,459,1,2022-07-12 00:58:08.660,2022-07-12 00:58:08.660,15224,15228
True,412,412,1,2022-07-12 00:51:51.236,2022-07-12 00:51:51.236,13705,13744
True,461,461,1,2022-07-12 00:58:24.593,2022-07-12 00:58:24.593,15279,15326
True,463,463,1,2022-07-12 00:58:40.588,2022-07-12 00:58:40.588,15361,15394
True,466,466,1,2022-07-12 00:59:05.768,2022-07-12 00:59:05.768,15423,15472
True,562,562,1,2022-07-12 01:11:55.696,2022-07-12 01:11:55.696,18734,18783
True,565,565,1,2022-07-12 01:12:19.195,2022-07-12 01:12:19.195,18858,18875
True,568,568,1,2022-07-12 01:12:36.055,2022-07-12 01:12:36.055,18930,18979
True,570,570,1,2022-07-12 01:12:51.468,2022-07-12 01:12:51.468,19024,19065
True,573,573,1,2022-07-12 01:13:15.417,2022-07-12 01:13:15.417,19116,19123
True,577,577,1,2022-07-12 01:13:47.379,2022-07-12 01:13:47.379,19273,19307
True,582,582,1,2022-07-12 01:14:35.252,2022-07-12 01:14:35.252,19427,19476
True,585,585,1,2022-07-12 01:14:59.376,2022-07-12 01:14:59.376,19539,19549
True,588,588,1,2022-07-12 01:15:31.236,2022-07-12 01:15:31.236,19650,19691
True,591,591,1,2022-07-12 01:15:55.225,2022-07-12 01:15:55.225,19739,19744
True,593,593,1,2022-07-12 01:16:11.294,2022-07-12 01:16:11.294,19795,19840
True,596,596,1,2022-07-12 01:16:35.392,2022-07-12 01:16:35.392,19898,19905
True,598,598,1,2022-07-12 01:16:51.528,2022-07-12 01:16:51.528,19956,19999
