윈도 길이,정상 사용 구간,정상 제외 구간 비율(%),정상 윈도 수,정상 실제 미사용(%),이상 사용 구간,이상 제외 구간 비율(%),이상 윈도 수,이상 실제 미사용(%)
8,550,1.0,2282,8.7,18,1.8,67,10.7
9,538,1.4,1935,12.9,17,3.2,57,14.5
10,530,1.8,1820,9.0,17,3.2,53,11.7
11,521,2.2,1543,15.1,16,4.8,44,19.3
12,511,2.8,1460,12.4,16,4.8,43,14.0
13,501,3.4,1176,23.6,16,4.8,35,24.2
14,488,4.2,1123,21.4,16,4.8,34,20.7
15,480,4.8,1076,19.3,16,4.8,32,20.0
16,473,5.3,1043,16.6,14,9.8,28,25.3
17,469,5.6,805,31.6,14,9.8,23,34.8
18,463,6.2,779,29.9,14,9.8,23,31.0
19,457,6.7,753,28.5,13,12.8,21,33.5
20,452,7.2,728,27.2,13,12.8,21,30.0
21,444,8.0,707,25.8,13,12.8,20,30.0
22,436,8.8,681,25.1,13,12.8,19,30.3
23,424,10.1,653,24.9,13,12.8,19,27.2
24,413,11.4,633,24.0,13,12.8,18,28.0
25,402,12.7,604,24.5,12,16.8,17,29.2
26,392,14.0,392,49.0,11,21.0,11,52.3
27,382,15.3,382,48.4,11,21.0,11,50.5
28,372,16.6,372,47.9,11,21.0,11,48.7
29,368,17.2,368,46.6,10,25.7,10,51.7
30,360,18.3,360,46.0,10,25.7,10,50.0
