Segment,시작 원본인덱스,끝 원본인덱스,상태
0,0,40,A
1,41,77,A
2,78,101,A
3,102,111,A
4,112,161,A
5,162,211,A
6,212,261,A
7,262,302,A
8,303,328,A
9,329,341,A
10,342,391,A
11,392,441,A
12,442,481,A
13,482,506,A
14,507,520,A
15,521,570,A
16,571,620,A
17,621,656,A
18,657,692,A
19,693,715,A
20,716,737,A
21,738,748,A
22,749,798,A
23,799,848,A
24,849,884,A
25,885,910,A
26,911,922,A
27,923,972,A
28,973,1022,A
29,1023,1064,A
30,1065,1091,A
31,1092,1104,A
32,1105,1106,A
33,1107,1156,A
34,1157,1206,A
35,1207,1244,A
36,1245,1281,A
37,1282,1305,A
38,1306,1317,A
39,1318,1329,A
40,1330,1330,A
41,1331,1380,A
42,1381,1430,A
43,1431,1473,A
44,1474,1502,A
45,1503,1519,A
46,1520,1524,A
47,1525,1574,A
48,1575,1624,A
49,1625,1664,A
50,1665,1686,A
51,1687,1736,A
52,1737,1786,A
53,1787,1836,A
54,1837,1886,A
55,1887,1936,A
56,1937,1986,A
57,1987,2036,A
58,2037,2086,A
59,2087,2136,A
60,2137,2186,A
61,2187,2236,A
62,2237,2286,A
63,2287,2336,A
64,2337,2386,A
65,2387,2436,A
66,2437,2486,A
67,2487,2536,A
68,2537,2586,A
69,2587,2636,A
70,2637,2686,A
71,2687,2736,A
72,2737,2786,A
73,2787,2836,A
74,2837,2886,A
75,2887,2936,A
76,2937,2986,A
77,2987,2998,A
78,2999,3048,A
79,3049,3098,A
80,3099,3140,A
81,3141,3171,A
82,3172,3187,A
83,3188,3192,A
84,3193,3242,A
85,3243,3288,A
86,3289,3321,A
87,3322,3344,A
88,3345,3356,A
89,3357,3406,A
90,3407,3455,A
91,3456,3491,A
92,3492,3514,A
93,3515,3522,A
94,3523,3572,A
95,3573,3622,A
96,3623,3660,A
97,3661,3685,A
98,3686,3709,A
99,3710,3721,A
100,3722,3771,A
101,3772,3821,A
102,3822,3866,A
103,3867,3900,A
104,3901,3934,A
105,3935,3956,A
106,3957,3965,A
107,3966,4015,A
108,4016,4065,A
109,4066,4102,A
110,4103,4125,A
111,4126,4135,A
112,4136,4185,A
113,4186,4235,A
114,4236,4275,A
115,4276,4302,A
116,4303,4329,A
117,4330,4346,A
118,4347,4348,A
119,4349,4398,A
120,4399,4448,A
121,4449,4490,A
122,4491,4519,A
123,4520,4537,A
124,4538,4544,A
125,4545,4594,A
126,4595,4644,A
127,4645,4692,A
128,4693,4728,A
129,4729,4748,A
130,4749,4755,A
131,4756,4805,A
132,4806,4854,A
133,4855,4889,A
134,4890,4911,A
135,4912,4920,A
136,4921,4970,A
137,4971,5018,A
138,5019,5066,A
139,5067,5101,A
140,5102,5124,A
141,5125,5137,A
142,5138,5139,A
143,5140,5140,A
144,5141,5190,A
145,5191,5240,A
146,5241,5280,A
147,5281,5306,A
148,5307,5332,A
149,5333,5347,A
150,5348,5350,A
151,5351,5353,A
152,5354,5403,A
153,5404,5453,A
154,5454,5500,A
155,5501,5534,A
156,5535,5553,A
157,5554,5559,A
158,5560,5609,A
159,5610,5659,A
160,5660,5697,A
161,5698,5723,A
162,5724,5736,A
163,5737,5738,A
164,5739,5788,A
165,5789,5831,A
166,5832,5863,A
167,5864,5882,A
168,5883,5889,A
169,5890,5939,A
170,5940,5981,A
171,5982,6008,A
172,6009,6034,A
173,6035,6048,A
174,6049,6051,A
175,6052,6101,A
176,6102,6151,A
177,6152,6197,A
178,6198,6229,A
179,6230,6249,A
180,6250,6256,A
181,6257,6306,A
182,6307,6353,A
183,6354,6385,A
184,6386,6418,A
185,6419,6440,A
186,6441,6449,A
187,6450,6499,A
188,6500,6549,A
189,6550,6585,A
190,6586,6611,A
191,6612,6623,A
192,6624,6673,A
193,6674,6723,A
194,6724,6765,A
195,6766,6794,A
196,6795,6812,A
197,6813,6818,A
198,6819,6868,A
199,6869,6917,A
200,6918,6950,A
201,6951,6972,A
202,6973,6980,A
203,6981,7030,A
204,7031,7078,A
205,7079,7111,A
206,7112,7133,A
207,7134,7145,A
208,7146,7156,A
209,7157,7206,A
210,7207,7256,A
211,7257,7306,A
212,7307,7344,A
213,7345,7367,A
214,7368,7379,A
215,7380,7389,A
216,7390,7439,A
217,7440,7489,A
218,7490,7527,A
219,7528,7551,A
220,7552,7565,A
221,7566,7615,A
222,7616,7665,A
223,7666,7705,A
224,7706,7734,A
225,7735,7749,A
226,7750,7751,A
227,7752,7801,A
228,7802,7851,A
229,7852,7894,A
230,7895,7926,A
231,7927,7942,A
232,7943,7946,A
233,7947,7996,A
234,7997,8046,A
235,8047,8087,A
236,8088,8113,A
237,8114,8128,A
238,8129,8131,A
239,8132,8181,A
240,8182,8231,A
241,8232,8274,A
242,8275,8303,A
243,8304,8319,A
244,8320,8325,A
245,8326,8375,A
246,8376,8425,A
247,8426,8475,A
248,8476,8510,A
249,8511,8533,A
250,8534,8542,A
251,8543,8592,A
252,8593,8642,A
253,8643,8680,A
254,8681,8707,A
255,8708,8720,A
256,8721,8726,A
257,8727,8776,A
258,8777,8821,A
259,8822,8853,A
260,8854,8872,A
261,8873,8893,A
262,8894,8901,A
263,8902,8910,A
264,8911,8960,A
265,8961,9010,A
266,9011,9049,A
267,9050,9075,A
268,9076,9090,A
269,9091,9094,A
270,9095,9144,A
271,9145,9194,A
272,9195,9237,A
273,9238,9282,A
274,9283,9332,A
275,9333,9379,A
276,9380,9411,A
277,9412,9432,A
278,9433,9440,A
279,9441,9448,A
280,9449,9498,A
281,9499,9546,A
282,9547,9579,A
283,9580,9601,A
284,9602,9611,A
285,9612,9661,A
286,9662,9711,A
287,9712,9761,A
288,9762,9797,A
289,9798,9821,A
290,9822,9834,A
291,9835,9835,A
292,9836,9885,A
293,9886,9935,A
294,9936,9977,A
295,9978,10006,A
296,10007,10026,A
297,10027,10034,A
298,10035,10084,A
299,10085,10132,A
300,10133,10168,A
301,10169,10188,A
302,10189,10197,A
303,10198,10247,A
304,10248,10297,A
305,10298,10335,A
306,10336,10370,A
307,10371,10393,A
308,10394,10402,A
309,10403,10452,A
310,10453,10502,A
311,10503,10540,A
312,10541,10564,A
313,10565,10581,A
314,10582,10582,A
315,10583,10632,A
316,10633,10682,A
317,10683,10724,A
318,10725,10755,A
319,10756,10771,A
320,10772,10774,A
321,10775,10777,A
322,10778,10827,A
323,10828,10877,A
324,10878,10921,A
325,10922,10951,A
326,10952,10970,A
327,10971,10973,A
328,10974,11023,A
329,11024,11073,A
330,11074,11115,A
331,11116,11145,A
332,11146,11159,A
333,11160,11161,A
334,11162,11211,A
335,11212,11256,A
336,11257,11290,A
337,11291,11322,A
338,11323,11342,A
339,11343,11348,A
340,11349,11398,A
341,11399,11448,A
342,11449,11493,A
343,11494,11527,A
344,11528,11548,A
345,11549,11562,A
346,11563,11564,A
347,11566,11615,A
348,11616,11665,A
349,11666,11706,A
350,11707,11734,A
351,11735,11752,A
352,11753,11757,A
353,11758,11807,A
354,11808,11857,A
355,11858,11903,A
356,11904,11935,A
357,11936,11955,A
358,11956,11962,A
359,11963,12012,A
360,12013,12062,A
361,12063,12112,A
362,12113,12146,A
363,12147,12167,A
364,12168,12176,A
365,12177,12226,A
366,12227,12276,A
367,12277,12313,A
368,12314,12340,A
369,12341,12355,A
370,12356,12356,A
371,12357,12406,A
372,12407,12456,A
373,12457,12499,A
374,12500,12529,A
375,12530,12550,A
376,12551,12556,A
377,12557,12606,A
378,12607,12656,A
379,12657,12699,A
380,12700,12728,A
381,12729,12741,A
382,12742,12742,A
383,12743,12792,A
384,12793,12842,A
385,12843,12882,A
386,12883,12910,A
387,12911,12927,A
388,12928,12931,A
389,12932,12981,A
390,12982,13031,A
391,13032,13070,A
392,13071,13095,A
393,13096,13109,A
394,13110,13110,A
395,13111,13160,A
396,13161,13204,A
397,13205,13236,A
398,13237,13258,A
399,13259,13265,A
400,13266,13315,A
401,13316,13361,A
402,13362,13395,A
403,13396,13416,A
404,13417,13428,A
405,13429,13478,A
406,13479,13528,A
407,13529,13566,A
408,13567,13591,A
409,13592,13604,A
410,13605,13654,A
411,13655,13704,A
412,13705,13744,A
413,13745,13772,A
414,13773,13787,A
415,13788,13801,A
416,13802,13802,A
417,13803,13852,A
418,13853,13902,A
419,13903,13940,A
420,13941,13963,A
421,13964,13973,A
422,13974,14023,A
423,14024,14072,A
424,14073,14108,A
425,14109,14132,A
426,14133,14143,A
427,14144,14193,A
428,14194,14243,A
429,14244,14282,A
430,14283,14310,A
431,14311,14335,A
432,14336,14346,A
433,14347,14396,A
434,14397,14445,A
435,14446,14480,A
436,14481,14502,A
437,14503,14512,A
438,14513,14562,A
439,14563,14611,A
440,14612,14645,A
441,14646,14662,A
442,14663,14666,A
443,14667,14716,A
444,14717,14766,A
445,14767,14810,A
446,14811,14841,A
447,14842,14862,A
448,14863,14869,A
449,14870,14919,A
450,14920,14967,A
451,14968,15004,A
452,15005,15028,A
453,15029,15039,A
454,15040,15089,A
455,15090,15139,A
456,15140,15178,A
457,15179,15205,A
458,15206,15223,A
459,15224,15228,A
460,15229,15278,A
461,15279,15326,A
462,15327,15360,A
463,15361,15394,A
464,15395,15414,A
465,15415,15422,A
466,15423,15472,A
467,15473,15521,A
468,15522,15557,A
469,15558,15594,A
470,15595,15618,A
471,15619,15629,A
472,15630,15679,B
473,15680,15729,B
474,15730,15768,B
475,15769,15795,B
476,15796,15809,B
477,15810,15859,B
478,15860,15909,B
479,15910,15959,B
480,15960,16009,B
481,16010,16050,B
482,16051,16100,B
483,16101,16144,B
484,16145,16188,B
485,16189,16232,B
486,16233,16275,B
487,16276,16310,B
488,16311,16333,B
489,16334,16354,B
490,16355,16362,B
491,16363,16412,B
492,16413,16462,B
493,16463,16501,B
494,16502,16528,B
495,16529,16543,B
496,16544,16556,B
497,16557,16606,B
498,16607,16656,B
499,16657,16706,B
500,16707,16743,B
501,16744,16767,B
502,16768,16778,B
503,16779,16791,B
504,16792,16841,B
505,16842,16891,B
506,16892,16929,B
507,16930,16956,B
508,16957,16969,B
509,16970,17019,B
510,17020,17069,B
511,17070,17107,B
512,17108,17133,B
513,17134,17146,B
514,17147,17196,B
515,17197,17246,B
516,17247,17286,B
517,17287,17311,B
518,17312,17324,B
519,17325,17374,B
520,17375,17424,B
521,17425,17463,B
522,17464,17488,B
523,17489,17499,B
524,17500,17549,B
525,17550,17599,B
526,17600,17648,B
527,17649,17684,B
528,17685,17709,B
529,17710,17720,B
530,17721,17721,B
531,17722,17771,B
532,17772,17821,B
533,17822,17859,B
534,17860,17884,B
535,17885,17894,B
536,17895,17944,B
537,17945,17994,B
538,17995,18029,B
539,18030,18052,B
540,18053,18062,B
541,18063,18070,B
542,18071,18120,B
543,18121,18170,B
544,18171,18206,B
545,18207,18228,B
546,18229,18235,B
547,18236,18243,B
548,18244,18293,B
549,18294,18342,B
550,18343,18388,B
551,18389,18433,B
552,18434,18464,B
553,18465,18481,B
554,18482,18484,B
555,18485,18534,B
556,18535,18584,B
557,18585,18629,B
558,18630,18659,B
559,18660,18678,B
560,18679,18683,A
561,18684,18733,A
562,18734,18783,A
563,18784,18827,A
564,18828,18857,A
565,18858,18875,A
566,18876,18879,A
567,18880,18929,A
568,18930,18979,A
569,18980,19023,A
570,19024,19065,A
571,19066,19095,A
572,19096,19115,A
573,19116,19123,A
574,19124,19173,A
575,19174,19223,A
576,19224,19272,A
577,19273,19307,A
578,19308,19342,A
579,19343,19366,A
580,19367,19376,A
581,19377,19426,A
582,19427,19476,A
583,19477,19513,A
584,19514,19538,A
585,19539,19549,A
586,19550,19599,A
587,19600,19649,A
588,19650,19691,A
589,19692,19720,A
590,19721,19738,A
591,19739,19744,A
592,19745,19794,A
593,19795,19840,A
594,19841,19875,A
595,19876,19897,A
596,19898,19905,A
597,19906,19955,A
598,19956,19999,A
