가정 주기,윈도 길이,주기 대비 길이,표준편차 최소,표준편차 최대,흔들림(%)
16.0,8,0.5,0.299,0.707,57.7
16.0,10,0.62,0.428,0.77,48.3
16.0,12,0.75,0.548,0.78,32.9
16.0,16,1.0,0.707,0.707,0.0
16.0,17,1.06,0.686,0.725,5.5
16.0,20,1.25,0.659,0.73,10.0
16.0,24,1.5,0.674,0.707,4.7
16.0,30,1.88,0.682,0.729,6.6
16.5,8,0.48,0.284,0.696,58.2
16.5,10,0.61,0.409,0.764,50.1
16.5,12,0.73,0.528,0.782,35.9
16.5,16,0.97,0.695,0.718,3.3
16.5,17,1.03,0.696,0.717,2.9
16.5,20,1.21,0.659,0.734,10.6
16.5,24,1.45,0.684,0.696,1.6
16.5,30,1.82,0.671,0.735,9.1
17.0,8,0.47,0.27,0.684,58.6
17.0,10,0.59,0.391,0.757,51.7
17.0,12,0.71,0.508,0.782,38.7
17.0,16,0.94,0.682,0.729,6.7
17.0,17,1.0,0.707,0.707,0.0
17.0,20,1.18,0.662,0.736,10.5
17.0,24,1.41,0.685,0.695,1.3
17.0,30,1.76,0.663,0.739,10.8
