Segment,시작 시각,시작 원본인덱스,끝 원본인덱스,길이,AI0_RMS,AI1_RMS,AI2_최대절댓값
0,2022-07-12 00:00:00.019,0,40,41,0.069,0.1632,219.3451
1,2022-07-12 00:00:07.224,41,77,37,0.0734,0.1324,216.9609
2,2022-07-12 00:00:15.267,78,101,24,0.0409,0.0497,110.8647
3,2022-07-12 00:00:23.324,102,111,10,0.0555,0.1265,211.0005
4,2022-07-12 00:00:32.752,112,161,50,0.0393,0.0483,110.8647
5,2022-07-12 00:00:39.756,162,211,50,0.0704,0.1461,225.3056
6,2022-07-12 00:00:47.676,212,261,50,0.0772,0.0493,110.8647
7,2022-07-12 00:00:55.468,262,302,41,0.0851,0.1781,256.3
8,2022-07-12 00:01:03.576,303,328,26,0.0691,0.1038,191.927
9,2022-07-12 00:01:11.621,329,341,13,0.0527,0.0569,110.8647
10,2022-07-12 00:01:21.222,342,391,50,0.0707,0.1237,233.6502
11,2022-07-12 00:01:27.857,392,441,50,0.0449,0.0492,112.0567
12,2022-07-12 00:01:35.646,442,481,40,0.0686,0.1258,202.6558
13,2022-07-12 00:01:43.757,482,506,25,0.0671,0.1682,250.3395
14,2022-07-12 00:01:51.655,507,520,14,0.0372,0.0375,113.2488
15,2022-07-12 00:02:01.294,521,570,50,0.079,0.1874,261.0684
16,2022-07-12 00:02:07.924,571,620,50,0.0916,0.1199,169.2772
17,2022-07-12 00:02:15.921,621,656,36,0.0492,0.0548,112.0567
18,2022-07-12 00:02:23.876,657,692,36,0.088,0.0907,150.2037
19,2022-07-12 00:02:31.936,693,715,23,0.0863,0.0395,112.0567
20,2022-07-12 00:02:40.000,716,737,22,0.0687,0.0746,113.2488
21,2022-07-12 00:02:47.868,738,748,11,0.0887,0.0843,144.2433
22,2022-07-12 00:02:57.334,749,798,50,0.0799,0.0754,149.0116
23,2022-07-12 00:03:04.000,799,848,50,0.0644,0.036,110.8647
24,2022-07-12 00:03:12.129,849,884,36,0.069,0.1859,247.9554
25,2022-07-12 00:03:20.215,885,910,26,0.0673,0.0435,115.633
26,2022-07-12 00:03:28.182,911,922,12,0.0572,0.0502,114.4409
27,2022-07-12 00:03:44.676,923,972,50,0.0688,0.0394,113.2488
28,2022-07-12 00:03:52.544,973,1022,50,0.0657,0.0464,127.554
29,2022-07-12 00:04:00.140,1023,1064,42,0.0878,0.071,145.4354
30,2022-07-12 00:04:08.213,1065,1091,27,0.0722,0.1843,257.4921
31,2022-07-12 00:04:16.224,1092,1104,13,0.093,0.1264,178.814
32,2022-07-12 00:04:23.985,1105,1106,2,0.0416,0.1282,26.226
33,2022-07-12 00:04:25.827,1107,1156,50,0.0818,0.145,209.8084
34,2022-07-12 00:04:32.537,1157,1206,50,0.0744,0.135,238.4186
35,2022-07-12 00:04:40.416,1207,1244,38,0.0414,0.0397,110.8647
36,2022-07-12 00:04:48.455,1245,1281,37,0.0793,0.1266,220.5372
37,2022-07-12 00:04:56.641,1282,1305,24,0.0558,0.0419,110.8647
38,2022-07-12 00:05:04.636,1306,1317,12,0.0678,0.1686,240.8028
39,2022-07-12 00:05:12.566,1318,1329,12,0.0574,0.0334,115.633
40,2022-07-12 00:05:20.498,1330,1330,1,0.0335,0.2517,14.3051
41,2022-07-12 00:05:22.496,1331,1380,50,0.0582,0.0568,127.554
42,2022-07-12 00:05:29.007,1381,1430,50,0.0661,0.0526,110.8647
43,2022-07-12 00:05:36.499,1431,1473,43,0.0706,0.1786,249.1474
44,2022-07-12 00:05:44.604,1474,1502,29,0.0669,0.1074,187.1586
45,2022-07-12 00:05:52.492,1503,1519,17,0.0608,0.0419,109.6726
46,2022-07-12 00:06:00.487,1520,1524,5,0.0852,0.1923,239.6107
47,2022-07-12 00:06:02.560,1525,1574,50,0.076,0.1341,227.6898
48,2022-07-12 00:06:09.177,1575,1624,50,0.04,0.053,109.6726
49,2022-07-12 00:06:16.934,1625,1664,40,0.0876,0.1076,187.1586
50,2022-07-12 00:06:25.547,1665,1686,22,0.0614,0.1556,245.5712
51,2022-07-12 00:06:29.384,1687,1736,50,0.0571,0.0503,113.2488
52,2022-07-12 00:06:36.231,1737,1786,50,0.094,0.1344,184.7744
53,2022-07-12 00:06:43.040,1787,1836,50,0.0778,0.1634,252.7237
54,2022-07-12 00:06:49.646,1837,1886,50,0.0345,0.0456,112.0567
55,2022-07-12 00:06:57.798,1887,1936,50,0.07,0.1309,211.0005
56,2022-07-12 00:07:04.844,1937,1986,50,0.0525,0.0466,114.4409
57,2022-07-12 00:07:12.647,1987,2036,50,0.0683,0.0665,143.0512
58,2022-07-12 00:07:19.348,2037,2086,50,0.0679,0.0501,114.4409
59,2022-07-12 00:07:25.971,2087,2136,50,0.0697,0.169,246.7633
60,2022-07-12 00:07:32.847,2137,2186,50,0.0855,0.1096,163.3167
61,2022-07-12 00:07:39.560,2187,2236,50,0.0574,0.0349,110.8647
62,2022-07-12 00:07:46.324,2237,2286,50,0.0831,0.2035,262.2605
63,2022-07-12 00:07:52.879,2287,2336,50,0.0718,0.1243,219.3451
64,2022-07-12 00:07:59.767,2337,2386,50,0.0868,0.0593,110.8647
65,2022-07-12 00:08:06.337,2387,2436,50,0.0693,0.1463,216.9609
66,2022-07-12 00:08:13.092,2437,2486,50,0.0753,0.1277,238.4186
67,2022-07-12 00:08:26.424,2487,2536,50,0.0913,0.1213,187.1586
68,2022-07-12 00:08:33.206,2537,2586,50,0.086,0.1591,249.1474
69,2022-07-12 00:08:39.956,2587,2636,50,0.0395,0.0427,112.0567
70,2022-07-12 00:08:46.662,2637,2686,50,0.0576,0.103,174.0456
71,2022-07-12 00:08:53.480,2687,2736,50,0.0711,0.1479,251.5316
72,2022-07-12 00:09:00.084,2737,2786,50,0.0319,0.0514,110.8647
73,2022-07-12 00:09:06.833,2787,2836,50,0.0823,0.0903,154.9721
74,2022-07-12 00:09:13.436,2837,2886,50,0.0782,0.1681,261.0684
75,2022-07-12 00:09:20.084,2887,2936,50,0.0961,0.1011,163.3167
76,2022-07-12 00:09:28.152,2937,2986,50,0.0867,0.1662,257.4921
77,2022-07-12 00:09:38.862,2987,2998,12,0.0458,0.0554,110.8647
78,2022-07-12 00:09:41.691,2999,3048,50,0.0509,0.0931,158.5484
79,2022-07-12 00:09:48.366,3049,3098,50,0.0921,0.1587,251.5316
80,2022-07-12 00:09:55.827,3099,3140,42,0.0552,0.0503,120.4014
81,2022-07-12 00:10:03.867,3141,3171,31,0.0756,0.1042,168.0851
82,2022-07-12 00:10:11.896,3172,3187,16,0.0908,0.1771,258.6842
83,2022-07-12 00:10:19.799,3188,3192,5,0.0667,0.0665,104.9042
84,2022-07-12 00:10:28.656,3193,3242,50,0.0789,0.189,250.3395
85,2022-07-12 00:10:35.872,3243,3288,46,0.0746,0.0952,163.3167
86,2022-07-12 00:10:43.851,3289,3321,33,0.0721,0.0418,112.0567
87,2022-07-12 00:10:51.896,3322,3344,23,0.1074,0.1864,271.7972
88,2022-07-12 00:10:59.756,3345,3356,12,0.0621,0.0366,119.2093
89,2022-07-12 00:11:09.294,3357,3406,50,0.0881,0.1881,250.3395
90,2022-07-12 00:11:16.040,3407,3455,49,0.077,0.1259,195.5033
91,2022-07-12 00:11:24.056,3456,3491,36,0.051,0.0581,109.6726
92,2022-07-12 00:11:32.266,3492,3514,23,0.0764,0.1814,252.7237
93,2022-07-12 00:11:40.267,3515,3522,8,0.0348,0.1181,213.3847
94,2022-07-12 00:11:49.526,3523,3572,50,0.0919,0.1552,224.1135
95,2022-07-12 00:11:56.244,3573,3622,50,0.0796,0.1379,224.1135
96,2022-07-12 00:12:04.143,3623,3660,38,0.0332,0.0452,109.6726
97,2022-07-12 00:12:12.164,3661,3685,25,0.0739,0.1567,213.3847
98,2022-07-12 00:12:20.177,3686,3709,24,0.0685,0.0495,108.4805
99,2022-07-12 00:12:28.175,3710,3721,12,0.073,0.1956,239.6107
100,2022-07-12 00:12:38.192,3722,3771,50,0.0698,0.061,132.3223
101,2022-07-12 00:12:44.747,3772,3821,50,0.0722,0.182,252.7237
102,2022-07-12 00:12:52.064,3822,3866,45,0.0822,0.089,153.78
103,2022-07-12 00:13:00.089,3867,3900,34,0.0754,0.0724,133.5144
104,2022-07-12 00:13:07.971,3901,3934,34,0.0347,0.053,110.8647
105,2022-07-12 00:13:15.873,3935,3956,22,0.0598,0.0722,151.3958
106,2022-07-12 00:13:23.836,3957,3965,9,0.074,0.1965,263.4526
107,2022-07-12 00:13:33.336,3966,4015,50,0.0722,0.0828,156.1642
108,2022-07-12 00:13:39.886,4016,4065,50,0.0951,0.2006,257.4921
109,2022-07-12 00:13:47.957,4066,4102,37,0.0855,0.097,153.78
110,2022-07-12 00:13:55.976,4103,4125,23,0.0652,0.0523,110.8647
111,2022-07-12 00:14:03.904,4126,4135,10,0.0845,0.1708,230.074
112,2022-07-12 00:14:13.584,4136,4185,50,0.0609,0.0438,112.0567
113,2022-07-12 00:14:20.310,4186,4235,50,0.0734,0.1829,250.3395
114,2022-07-12 00:14:27.908,4236,4275,40,0.0751,0.1267,214.5767
115,2022-07-12 00:14:35.936,4276,4302,27,0.0352,0.051,109.6726
116,2022-07-12 00:14:43.837,4303,4329,27,0.0678,0.1176,199.0795
117,2022-07-12 00:14:51.621,4330,4346,17,0.0708,0.0491,109.6726
118,2022-07-12 00:14:59.657,4347,4348,2,0.0856,0.136,177.6219
119,2022-07-12 00:15:01.577,4349,4398,50,0.0731,0.1552,239.6107
120,2022-07-12 00:15:08.384,4399,4448,50,0.0439,0.053,109.6726
121,2022-07-12 00:15:15.740,4449,4490,42,0.0575,0.103,170.4693
122,2022-07-12 00:15:23.669,4491,4519,29,0.1072,0.1902,250.3395
123,2022-07-12 00:15:31.742,4520,4537,18,0.0454,0.0434,112.0567
124,2022-07-12 00:15:39.684,4538,4544,7,0.0919,0.1004,205.04
125,2022-07-12 00:15:41.948,4545,4594,50,0.0948,0.1724,263.4526
126,2022-07-12 00:15:48.726,4595,4644,50,0.0401,0.0476,112.0567
127,2022-07-12 00:15:55.785,4645,4692,48,0.084,0.1301,165.7009
128,2022-07-12 00:16:03.804,4693,4728,36,0.0768,0.1506,246.7633
129,2022-07-12 00:16:11.955,4729,4748,20,0.0695,0.0699,114.4409
130,2022-07-12 00:16:19.994,4749,4755,7,0.0604,0.0664,128.746
131,2022-07-12 00:16:29.364,4756,4805,50,0.034,0.043,113.2488
132,2022-07-12 00:16:36.267,4806,4854,49,0.0529,0.0967,181.1981
133,2022-07-12 00:16:44.325,4855,4889,35,0.0956,0.1839,264.6447
134,2022-07-12 00:16:52.351,4890,4911,22,0.0449,0.0389,110.8647
135,2022-07-12 00:17:00.325,4912,4920,9,0.0896,0.0732,128.746
136,2022-07-12 00:17:09.540,4921,4970,50,0.0797,0.1088,181.1981
137,2022-07-12 00:17:16.447,4971,5018,48,0.0776,0.0531,110.8647
138,2022-07-12 00:17:24.527,5019,5066,48,0.0593,0.0558,121.5935
139,2022-07-12 00:17:32.480,5067,5101,35,0.064,0.0452,121.5935
140,2022-07-12 00:17:40.504,5102,5124,23,0.0933,0.1877,272.9893
141,2022-07-12 00:17:48.487,5125,5137,13,0.0352,0.0482,109.6726
142,2022-07-12 00:17:56.513,5138,5139,2,0.0534,0.1174,45.2995
143,2022-07-12 00:18:04.588,5140,5140,1,0.0116,0.0465,40.5312
144,2022-07-12 00:18:06.304,5141,5190,50,0.0701,0.1444,216.9609
145,2022-07-12 00:18:13.063,5191,5240,50,0.0901,0.1569,225.3056
146,2022-07-12 00:18:20.724,5241,5280,40,0.0419,0.0565,110.8647
147,2022-07-12 00:18:28.872,5281,5306,26,0.092,0.1288,197.8874
148,2022-07-12 00:18:36.700,5307,5332,26,0.0383,0.0589,110.8647
149,2022-07-12 00:18:44.570,5333,5347,15,0.1162,0.1753,209.8084
150,2022-07-12 00:18:52.512,5348,5350,3,0.0263,0.121,119.2093
151,2022-07-12 00:19:00.468,5351,5353,3,0.0263,0.1676,138.2828
152,2022-07-12 00:19:09.428,5354,5403,50,0.0622,0.0512,109.6726
153,2022-07-12 00:19:17.374,5404,5453,50,0.0861,0.0675,145.4354
154,2022-07-12 00:19:24.471,5454,5500,47,0.054,0.0475,119.2093
155,2022-07-12 00:19:32.476,5501,5534,34,0.0832,0.1903,257.4921
156,2022-07-12 00:19:40.568,5535,5553,19,0.0767,0.1103,172.8535
157,2022-07-12 00:19:48.638,5554,5559,6,0.0972,0.0604,109.6726
158,2022-07-12 00:19:57.844,5560,5609,50,0.0881,0.1098,171.6614
159,2022-07-12 00:20:04.636,5610,5659,50,0.0598,0.0437,113.2488
160,2022-07-12 00:20:12.569,5660,5697,38,0.0893,0.1957,249.1474
161,2022-07-12 00:20:20.537,5698,5723,26,0.0901,0.1152,165.7009
162,2022-07-12 00:20:28.517,5724,5736,13,0.0733,0.0746,110.8647
163,2022-07-12 00:20:36.404,5737,5738,2,0.0717,0.1227,187.1586
164,2022-07-12 00:20:45.131,5739,5788,50,0.0748,0.0565,110.8647
165,2022-07-12 00:20:52.436,5789,5831,43,0.0813,0.1662,224.1135
166,2022-07-12 00:21:00.416,5832,5863,32,0.086,0.1152,199.0795
167,2022-07-12 00:21:08.408,5864,5882,19,0.0842,0.0914,110.8647
168,2022-07-12 00:21:16.362,5883,5889,7,0.0594,0.1727,220.5372
169,2022-07-12 00:21:25.804,5890,5939,50,0.0771,0.0583,110.8647
170,2022-07-12 00:21:33.358,5940,5981,42,0.0854,0.1951,241.9949
171,2022-07-12 00:21:41.500,5982,6008,27,0.0831,0.1169,201.4637
172,2022-07-12 00:21:49.428,6009,6034,26,0.0625,0.187,243.187
173,2022-07-12 00:21:57.262,6035,6048,14,0.1032,0.1452,212.1926
174,2022-07-12 00:22:05.224,6049,6051,3,0.1092,0.091,110.8647
175,2022-07-12 00:22:07.078,6052,6101,50,0.0739,0.1471,200.2716
176,2022-07-12 00:22:13.849,6102,6151,50,0.0818,0.1424,233.6502
177,2022-07-12 00:22:21.169,6152,6197,46,0.0657,0.0657,112.0567
178,2022-07-12 00:22:29.076,6198,6229,32,0.1478,0.1826,185.9665
179,2022-07-12 00:22:37.072,6230,6249,20,0.0917,0.1562,241.9949
180,2022-07-12 00:22:45.020,6250,6256,7,0.046,0.0609,109.6726
181,2022-07-12 00:22:53.936,6257,6306,50,0.0899,0.1999,257.4921
182,2022-07-12 00:23:01.103,6307,6353,47,0.0654,0.0627,141.8591
183,2022-07-12 00:23:09.220,6354,6385,32,0.0469,0.0456,113.2488
184,2022-07-12 00:23:17.204,6386,6418,33,0.0381,0.0515,112.0567
185,2022-07-12 00:23:25.144,6419,6440,22,0.0623,0.1054,169.2772
186,2022-07-12 00:23:33.047,6441,6449,9,0.0649,0.1792,255.1079
187,2022-07-12 00:23:42.270,6450,6499,50,0.058,0.0451,114.4409
188,2022-07-12 00:23:48.975,6500,6549,50,0.0826,0.1974,247.9554
189,2022-07-12 00:23:56.987,6550,6585,36,0.0793,0.1361,205.04
190,2022-07-12 00:24:04.940,6586,6611,26,0.0527,0.051,112.0567
191,2022-07-12 00:24:12.920,6612,6623,12,0.0665,0.1768,238.4186
192,2022-07-12 00:24:22.654,6624,6673,50,0.0631,0.0591,112.0567
193,2022-07-12 00:24:29.596,6674,6723,50,0.0911,0.1939,252.7237
194,2022-07-12 00:24:37.006,6724,6765,42,0.0598,0.1172,215.7688
195,2022-07-12 00:24:45.075,6766,6794,29,0.0567,0.0769,110.8647
196,2022-07-12 00:24:53.136,6795,6812,18,0.0913,0.1905,253.9158
197,2022-07-12 00:25:01.153,6813,6818,6,0.0748,0.0842,132.3223
198,2022-07-12 00:25:10.148,6819,6868,50,0.0837,0.1985,240.8028
199,2022-07-12 00:25:17.084,6869,6917,49,0.0692,0.1209,188.3507
200,2022-07-12 00:25:25.093,6918,6950,33,0.0338,0.0441,110.8647
201,2022-07-12 00:25:33.044,6951,6972,22,0.0893,0.1789,226.4977
202,2022-07-12 00:25:41.044,6973,6980,8,0.0949,0.1661,246.7633
203,2022-07-12 00:25:50.128,6981,7030,50,0.0703,0.0658,139.4749
204,2022-07-12 00:25:57.187,7031,7078,48,0.0924,0.191,262.2605
205,2022-07-12 00:26:05.260,7079,7111,33,0.0732,0.0589,137.0907
206,2022-07-12 00:26:13.208,7112,7133,22,0.0692,0.0586,133.5144
207,2022-07-12 00:26:21.091,7134,7145,12,0.1071,0.1845,258.6842
208,2022-07-12 00:26:29.067,7146,7156,11,0.1042,0.136,202.6558
209,2022-07-12 00:26:31.913,7157,7206,50,0.0794,0.1522,246.7633
210,2022-07-12 00:26:38.648,7207,7256,50,0.0439,0.0635,112.0567
211,2022-07-12 00:26:45.464,7257,7306,50,0.0664,0.1358,193.1191
212,2022-07-12 00:26:53.334,7307,7344,38,0.0896,0.1755,261.0684
213,2022-07-12 00:27:01.423,7345,7367,23,0.0618,0.0583,126.3619
214,2022-07-12 00:27:09.388,7368,7379,12,0.0482,0.0992,158.5484
215,2022-07-12 00:27:17.417,7380,7389,10,0.068,0.0486,110.8647
216,2022-07-12 00:27:27.011,7390,7439,50,0.0876,0.1721,259.8763
217,2022-07-12 00:27:33.464,7440,7489,50,0.0893,0.0859,144.2433
218,2022-07-12 00:27:41.443,7490,7527,38,0.0583,0.0455,120.4014
219,2022-07-12 00:27:49.507,7528,7551,24,0.079,0.1973,241.9949
220,2022-07-12 00:27:57.407,7552,7565,14,0.0574,0.0972,152.5879
221,2022-07-12 00:28:07.313,7566,7615,50,0.0965,0.1869,256.3
222,2022-07-12 00:28:14.008,7616,7665,50,0.0834,0.1048,166.893
223,2022-07-12 00:28:21.540,7666,7705,40,0.0527,0.0677,112.0567
224,2022-07-12 00:28:29.532,7706,7734,29,0.0819,0.1807,246.7633
225,2022-07-12 00:28:37.546,7735,7749,15,0.1018,0.1423,200.2716
226,2022-07-12 00:28:45.484,7750,7751,2,0.0499,0.0546,97.7516
227,2022-07-12 00:28:54.024,7752,7801,50,0.0907,0.1832,253.9158
228,2022-07-12 00:29:02.224,7802,7851,50,0.0826,0.1924,247.9554
229,2022-07-12 00:29:09.592,7852,7894,43,0.0694,0.1341,208.6163
230,2022-07-12 00:29:17.574,7895,7926,32,0.0563,0.0528,110.8647
231,2022-07-12 00:29:25.707,7927,7942,16,0.1034,0.1694,215.7688
232,2022-07-12 00:29:33.664,7943,7946,4,0.0724,0.1074,189.5428
233,2022-07-12 00:29:35.745,7947,7996,50,0.0416,0.0669,109.6726
234,2022-07-12 00:29:42.284,7997,8046,50,0.0663,0.093,156.1642
235,2022-07-12 00:29:50.008,8047,8087,41,0.0922,0.1737,255.1079
236,2022-07-12 00:29:58.044,8088,8113,26,0.0747,0.0618,134.7065
237,2022-07-12 00:30:05.936,8114,8128,15,0.0872,0.0684,129.9381
238,2022-07-12 00:30:14.004,8129,8131,3,0.0413,0.1541,272.9893
239,2022-07-12 00:30:15.875,8132,8181,50,0.0753,0.0871,150.2037
240,2022-07-12 00:30:22.688,8182,8231,50,0.0645,0.0474,123.9777
241,2022-07-12 00:30:29.999,8232,8274,43,0.0838,0.2039,250.3395
242,2022-07-12 00:30:38.043,8275,8303,29,0.0754,0.1287,191.927
243,2022-07-12 00:30:46.032,8304,8319,16,0.0576,0.0561,108.4805
244,2022-07-12 00:30:53.910,8320,8325,6,0.0849,0.1882,225.3056
245,2022-07-12 00:31:02.945,8326,8375,50,0.0437,0.0533,110.8647
246,2022-07-12 00:31:10.998,8376,8425,50,0.0931,0.105,169.2772
247,2022-07-12 00:31:17.932,8426,8475,50,0.0842,0.0615,133.5144
248,2022-07-12 00:31:25.907,8476,8510,35,0.072,0.1856,243.187
249,2022-07-12 00:31:33.901,8511,8533,23,0.0758,0.115,181.1981
250,2022-07-12 00:31:41.922,8534,8542,9,0.0486,0.0506,108.4805
251,2022-07-12 00:31:51.200,8543,8592,50,0.0782,0.1566,227.6898
252,2022-07-12 00:31:58.020,8593,8642,50,0.0409,0.0511,109.6726
253,2022-07-12 00:32:05.948,8643,8680,38,0.0715,0.158,213.3847
254,2022-07-12 00:32:13.976,8681,8707,27,0.0914,0.1395,197.8874
255,2022-07-12 00:32:21.964,8708,8720,13,0.04,0.0452,109.6726
256,2022-07-12 00:32:29.766,8721,8726,6,0.087,0.2259,233.6502
257,2022-07-12 00:32:38.608,8727,8776,50,0.0461,0.054,110.8647
258,2022-07-12 00:32:45.771,8777,8821,45,0.0749,0.1296,203.8479
259,2022-07-12 00:32:53.644,8822,8853,32,0.0871,0.189,261.0684
260,2022-07-12 00:33:01.594,8854,8872,19,0.0592,0.0519,121.5935
261,2022-07-12 00:33:09.576,8873,8893,21,0.0811,0.1364,215.7688
262,2022-07-12 00:33:17.456,8894,8901,8,0.0273,0.0611,107.2884
263,2022-07-12 00:33:25.451,8902,8910,9,0.0519,0.1061,187.1586
264,2022-07-12 00:33:34.840,8911,8960,50,0.0803,0.1912,240.8028
265,2022-07-12 00:33:41.534,8961,9010,50,0.0664,0.1292,211.0005
266,2022-07-12 00:33:49.428,9011,9049,39,0.0589,0.0693,109.6726
267,2022-07-12 00:33:57.398,9050,9075,26,0.0779,0.1592,219.3451
268,2022-07-12 00:34:05.379,9076,9090,15,0.0795,0.1352,201.4637
269,2022-07-12 00:34:13.260,9091,9094,4,0.0723,0.044,109.6726
270,2022-07-12 00:34:15.359,9095,9144,50,0.0886,0.2009,243.187
271,2022-07-12 00:34:21.987,9145,9194,50,0.0732,0.1592,224.1135
272,2022-07-12 00:34:29.244,9195,9237,43,0.0371,0.0638,112.0567
273,2022-07-12 00:34:37.168,9238,9282,45,0.0746,0.1172,195.5033
274,2022-07-12 00:34:45.928,9283,9332,50,0.0452,0.0658,112.0567
275,2022-07-12 00:34:53.056,9333,9379,47,0.0598,0.0871,170.4693
276,2022-07-12 00:35:01.171,9380,9411,32,0.1092,0.1998,256.3
277,2022-07-12 00:35:09.147,9412,9432,21,0.0544,0.0598,110.8647
278,2022-07-12 00:35:17.136,9433,9440,8,0.0818,0.0891,151.3958
279,2022-07-12 00:35:25.092,9441,9448,8,0.0354,0.0577,110.8647
280,2022-07-12 00:35:34.214,9449,9498,50,0.0891,0.1906,270.6051
281,2022-07-12 00:35:41.235,9499,9546,48,0.0349,0.0575,113.2488
282,2022-07-12 00:35:49.315,9547,9579,33,0.0782,0.0472,118.0172
283,2022-07-12 00:35:57.296,9580,9601,22,0.114,0.2111,267.0288
284,2022-07-12 00:36:05.268,9602,9611,10,0.053,0.0361,120.4014
285,2022-07-12 00:36:07.998,9612,9661,50,0.0865,0.0614,129.9381
286,2022-07-12 00:36:14.644,9662,9711,50,0.0863,0.1963,261.0684
287,2022-07-12 00:36:21.560,9712,9761,50,0.061,0.0548,132.3223
288,2022-07-12 00:36:29.468,9762,9797,36,0.0673,0.0434,110.8647
289,2022-07-12 00:36:37.428,9798,9821,24,0.0892,0.1946,249.1474
290,2022-07-12 00:36:45.408,9822,9834,13,0.1003,0.0951,151.3958
291,2022-07-12 00:36:53.119,9835,9835,1,0.0501,0.124,7.1526
292,2022-07-12 00:36:55.156,9836,9885,50,0.0856,0.2001,252.7237
293,2022-07-12 00:37:02.032,9886,9935,50,0.087,0.0983,156.1642
294,2022-07-12 00:37:09.360,9936,9977,42,0.0546,0.0527,110.8647
295,2022-07-12 00:37:17.426,9978,10006,29,0.0866,0.1807,239.6107
296,2022-07-12 00:37:25.356,10007,10026,20,0.0816,0.0908,149.0116
297,2022-07-12 00:37:33.270,10027,10034,8,0.0432,0.0584,112.0567
298,2022-07-12 00:37:42.318,10035,10084,50,0.0851,0.1406,221.7293
299,2022-07-12 00:37:49.246,10085,10132,48,0.0371,0.0471,110.8647
300,2022-07-12 00:37:57.236,10133,10168,36,0.0813,0.1648,211.0005
301,2022-07-12 00:38:05.247,10169,10188,20,0.1135,0.1833,253.9158
302,2022-07-12 00:38:13.239,10189,10197,9,0.0311,0.0609,109.6726
303,2022-07-12 00:38:22.496,10198,10247,50,0.1065,0.1977,270.6051
304,2022-07-12 00:38:29.302,10248,10297,50,0.0542,0.0654,121.5935
305,2022-07-12 00:38:37.296,10298,10335,38,0.0747,0.0725,138.2828
306,2022-07-12 00:38:45.418,10336,10370,35,0.0349,0.0624,109.6726
307,2022-07-12 00:38:53.456,10371,10393,23,0.0794,0.1063,169.2772
308,2022-07-12 00:39:01.416,10394,10402,9,0.0754,0.1937,272.9893
309,2022-07-12 00:39:10.908,10403,10452,50,0.0703,0.0762,139.4749
310,2022-07-12 00:39:17.687,10453,10502,50,0.0994,0.2024,271.7972
311,2022-07-12 00:39:25.531,10503,10540,38,0.0813,0.0888,150.2037
312,2022-07-12 00:39:33.471,10541,10564,24,0.0419,0.0443,109.6726
313,2022-07-12 00:39:41.284,10565,10581,17,0.0761,0.2044,268.2209
314,2022-07-12 00:39:49.306,10582,10582,1,0.0931,0.2384,114.4409
315,2022-07-12 00:39:51.184,10583,10632,50,0.0553,0.0538,109.6726
316,2022-07-12 00:39:57.839,10633,10682,50,0.0694,0.1665,218.153
317,2022-07-12 00:40:05.260,10683,10724,42,0.0889,0.1656,246.7633
318,2022-07-12 00:40:13.200,10725,10755,31,0.039,0.0575,112.0567
319,2022-07-12 00:40:21.200,10756,10771,16,0.0586,0.1078,165.7009
320,2022-07-12 00:40:29.245,10772,10774,3,0.153,0.2185,250.3395
321,2022-07-12 00:40:37.167,10775,10777,3,0.1329,0.0631,137.0907
322,2022-07-12 00:40:39.236,10778,10827,50,0.0892,0.203,259.8763
323,2022-07-12 00:40:45.865,10828,10877,50,0.0583,0.0643,116.8251
324,2022-07-12 00:40:53.176,10878,10921,44,0.0777,0.0796,141.8591
325,2022-07-12 00:41:01.166,10922,10951,30,0.0945,0.1903,256.3
326,2022-07-12 00:41:09.181,10952,10970,19,0.0514,0.0513,119.2093
327,2022-07-12 00:41:17.117,10971,10973,3,0.0443,0.0321,57.2205
328,2022-07-12 00:41:19.199,10974,11023,50,0.0808,0.1735,228.8819
329,2022-07-12 00:41:25.865,11024,11073,50,0.0687,0.1442,219.3451
330,2022-07-12 00:41:33.240,11074,11115,42,0.0421,0.068,110.8647
331,2022-07-12 00:41:41.292,11116,11145,30,0.1063,0.1779,202.6558
332,2022-07-12 00:41:49.471,11146,11159,14,0.1072,0.1739,251.5316
333,2022-07-12 00:41:57.470,11160,11161,2,0.1024,0.0211,64.373
334,2022-07-12 00:42:06.134,11162,11211,50,0.0904,0.1908,270.6051
335,2022-07-12 00:42:13.314,11212,11256,45,0.0661,0.0566,125.1698
336,2022-07-12 00:42:21.316,11257,11290,34,0.0624,0.1042,159.7405
337,2022-07-12 00:42:29.388,11291,11322,32,0.0447,0.052,109.6726
338,2022-07-12 00:42:37.291,11323,11342,20,0.0633,0.1258,162.1247
339,2022-07-12 00:42:45.343,11343,11348,6,0.0992,0.1789,253.9158
340,2022-07-12 00:42:47.528,11349,11398,50,0.084,0.0975,156.1642
341,2022-07-12 00:42:54.375,11399,11448,50,0.0634,0.0444,120.4014
342,2022-07-12 00:43:01.514,11449,11493,45,0.0851,0.2009,255.1079
343,2022-07-12 00:43:09.436,11494,11527,34,0.0784,0.1,158.5484
344,2022-07-12 00:43:17.444,11528,11548,21,0.0469,0.0453,112.0567
345,2022-07-12 00:43:25.297,11549,11562,14,0.0833,0.173,245.5712
346,2022-07-12 00:43:33.096,11563,11564,2,0.0497,0.0296,87.0228
347,2022-07-12 00:43:35.064,11566,11615,50,0.066,0.0822,159.7405
348,2022-07-12 00:43:41.601,11616,11665,50,0.0945,0.2098,262.2605
349,2022-07-12 00:43:49.346,11666,11706,41,0.0581,0.0539,137.0907
350,2022-07-12 00:43:57.268,11707,11734,28,0.0564,0.0412,112.0567
351,2022-07-12 00:44:05.295,11735,11752,18,0.0917,0.2121,268.2209
352,2022-07-12 00:44:13.300,11753,11757,5,0.0743,0.0427,120.4014
353,2022-07-12 00:44:15.484,11758,11807,50,0.078,0.0485,121.5935
354,2022-07-12 00:44:22.158,11808,11857,50,0.0856,0.2173,258.6842
355,2022-07-12 00:44:29.332,11858,11903,46,0.0852,0.1008,162.1247
356,2022-07-12 00:44:37.312,11904,11935,32,0.0377,0.0454,109.6726
357,2022-07-12 00:44:45.286,11936,11955,20,0.1058,0.199,241.9949
358,2022-07-12 00:44:53.274,11956,11962,7,0.1274,0.1397,193.1191
359,2022-07-12 00:45:02.356,11963,12012,50,0.1023,0.1751,212.1926
360,2022-07-12 00:45:10.440,12013,12062,50,0.0623,0.0442,110.8647
361,2022-07-12 00:45:17.244,12063,12112,50,0.0969,0.1965,257.4921
362,2022-07-12 00:45:25.336,12113,12146,34,0.0792,0.1501,218.153
363,2022-07-12 00:45:33.352,12147,12167,21,0.034,0.0554,110.8647
364,2022-07-12 00:45:41.472,12168,12176,9,0.1196,0.1843,247.9554
365,2022-07-12 00:45:50.892,12177,12226,50,0.0543,0.0641,110.8647
366,2022-07-12 00:45:57.561,12227,12276,50,0.0976,0.1736,216.9609
367,2022-07-12 00:46:05.548,12277,12313,37,0.0899,0.1542,239.6107
368,2022-07-12 00:46:13.485,12314,12340,27,0.0678,0.0821,110.8647
369,2022-07-12 00:46:21.424,12341,12355,15,0.0727,0.1927,221.7293
370,2022-07-12 00:46:29.508,12356,12356,1,0.1032,0.1383,139.4749
371,2022-07-12 00:46:31.584,12357,12406,50,0.0519,0.0506,110.8647
372,2022-07-12 00:46:38.256,12407,12456,50,0.074,0.1747,237.2265
373,2022-07-12 00:46:45.658,12457,12499,43,0.0782,0.1567,220.5372
374,2022-07-12 00:46:53.743,12500,12529,30,0.0576,0.0741,108.4805
375,2022-07-12 00:47:01.644,12530,12550,21,0.0661,0.1943,255.1079
376,2022-07-12 00:47:09.558,12551,12556,6,0.0636,0.1452,236.0344
377,2022-07-12 00:47:11.896,12557,12606,50,0.0471,0.0551,110.8647
378,2022-07-12 00:47:18.491,12607,12656,50,0.07,0.0925,162.1247
379,2022-07-12 00:47:25.788,12657,12699,43,0.1035,0.2003,272.9893
380,2022-07-12 00:47:33.787,12700,12728,29,0.102,0.1122,157.3563
381,2022-07-12 00:47:41.964,12729,12741,13,0.0787,0.0605,108.4805
382,2022-07-12 00:47:49.980,12742,12742,1,0.0608,0.1895,196.6954
383,2022-07-12 00:47:59.731,12743,12792,50,0.0817,0.1936,257.4921
384,2022-07-12 00:48:06.559,12793,12842,50,0.0732,0.0745,146.6274
385,2022-07-12 00:48:14.176,12843,12882,40,0.0562,0.0471,112.0567
386,2022-07-12 00:48:22.150,12883,12910,28,0.1088,0.2165,256.3
387,2022-07-12 00:48:30.056,12911,12927,17,0.098,0.096,149.0116
388,2022-07-12 00:48:38.047,12928,12931,4,0.0726,0.0515,109.6726
389,2022-07-12 00:48:40.145,12932,12981,50,0.0843,0.2026,245.5712
390,2022-07-12 00:48:46.796,12982,13031,50,0.0713,0.1462,212.1926
391,2022-07-12 00:48:54.584,13032,13070,39,0.0253,0.0548,110.8647
392,2022-07-12 00:49:02.714,13071,13095,25,0.0611,0.144,208.6163
393,2022-07-12 00:49:10.737,13096,13109,14,0.0597,0.1261,194.3112
394,2022-07-12 00:49:18.634,13110,13110,1,0.0975,0.0084,88.2149
395,2022-07-12 00:49:27.367,13111,13160,50,0.0801,0.1341,214.5767
396,2022-07-12 00:49:34.708,13161,13204,44,0.0648,0.0676,110.8647
397,2022-07-12 00:49:42.699,13205,13236,32,0.0797,0.2022,238.4186
398,2022-07-12 00:49:50.587,13237,13258,22,0.0917,0.1198,171.6614
399,2022-07-12 00:49:58.730,13259,13265,7,0.044,0.0319,108.4805
400,2022-07-12 00:50:15.827,13266,13315,50,0.0912,0.2067,255.1079
401,2022-07-12 00:50:22.836,13316,13361,46,0.0743,0.1395,205.04
402,2022-07-12 00:50:30.952,13362,13395,34,0.0536,0.0495,113.2488
403,2022-07-12 00:50:38.906,13396,13416,21,0.0881,0.2037,240.8028
404,2022-07-12 00:50:46.896,13417,13428,12,0.0716,0.0539,122.7856
405,2022-07-12 00:50:56.424,13429,13478,50,0.0857,0.2137,255.1079
406,2022-07-12 00:51:03.048,13479,13528,50,0.0766,0.1323,196.6954
407,2022-07-12 00:51:10.863,13529,13566,38,0.0455,0.0589,110.8647
408,2022-07-12 00:51:18.948,13567,13591,25,0.0712,0.166,221.7293
409,2022-07-12 00:51:26.816,13592,13604,13,0.0585,0.1765,228.8819
410,2022-07-12 00:51:36.856,13605,13654,50,0.0849,0.1918,238.4186
411,2022-07-12 00:51:43.448,13655,13704,50,0.088,0.1654,237.2265
412,2022-07-12 00:51:51.236,13705,13744,40,0.044,0.0541,110.8647
413,2022-07-12 00:51:59.201,13745,13772,28,0.1096,0.1794,203.8479
414,2022-07-12 00:52:07.111,13773,13787,15,0.1021,0.1692,253.9158
415,2022-07-12 00:52:15.119,13788,13801,14,0.08,0.1267,208.6163
416,2022-07-12 00:52:23.255,13802,13802,1,0.0353,0.1243,165.7009
417,2022-07-12 00:52:32.972,13803,13852,50,0.0609,0.1218,202.6558
418,2022-07-12 00:52:39.609,13853,13902,50,0.0407,0.0608,110.8647
419,2022-07-12 00:52:47.696,13903,13940,38,0.0841,0.2025,246.7633
420,2022-07-12 00:52:55.616,13941,13963,23,0.0802,0.1759,258.6842
421,2022-07-12 00:53:03.651,13964,13973,10,0.0636,0.0679,109.6726
422,2022-07-12 00:53:13.056,13974,14023,50,0.1176,0.192,267.0288
423,2022-07-12 00:53:19.759,14024,14072,49,0.0689,0.0911,150.2037
424,2022-07-12 00:53:27.876,14073,14108,36,0.0696,0.0676,138.2828
425,2022-07-12 00:53:35.908,14109,14132,24,0.0955,0.1884,258.6842
426,2022-07-12 00:53:43.747,14133,14143,11,0.0809,0.091,145.4354
427,2022-07-12 00:53:53.254,14144,14193,50,0.0818,0.1821,253.9158
428,2022-07-12 00:54:00.003,14194,14243,50,0.076,0.1211,184.7744
429,2022-07-12 00:54:07.775,14244,14282,39,0.0624,0.0586,112.0567
430,2022-07-12 00:54:15.782,14283,14310,28,0.0828,0.2104,239.6107
431,2022-07-12 00:54:23.963,14311,14335,25,0.0467,0.0422,114.4409
432,2022-07-12 00:54:32.064,14336,14346,11,0.066,0.2207,245.5712
433,2022-07-12 00:54:41.336,14347,14396,50,0.0394,0.0622,110.8647
434,2022-07-12 00:54:48.044,14397,14445,49,0.0576,0.1078,171.6614
435,2022-07-12 00:54:56.093,14446,14480,35,0.1004,0.1967,256.3
436,2022-07-12 00:55:04.088,14481,14502,22,0.0541,0.0596,113.2488
437,2022-07-12 00:55:11.936,14503,14512,10,0.11,0.0809,127.554
438,2022-07-12 00:55:21.168,14513,14562,50,0.078,0.1224,199.0795
439,2022-07-12 00:55:28.258,14563,14611,49,0.0562,0.0508,115.633
440,2022-07-12 00:55:36.468,14612,14645,34,0.101,0.2191,257.4921
441,2022-07-12 00:55:44.751,14646,14662,17,0.0739,0.1426,199.0795
442,2022-07-12 00:55:52.785,14663,14666,4,0.076,0.0428,108.4805
443,2022-07-12 00:56:02.752,14667,14716,50,0.0677,0.0655,112.0567
444,2022-07-12 00:56:09.664,14717,14766,50,0.085,0.2114,252.7237
445,2022-07-12 00:56:16.827,14767,14810,44,0.0879,0.1578,216.9609
446,2022-07-12 00:56:24.832,14811,14841,31,0.0395,0.0575,112.0567
447,2022-07-12 00:56:32.839,14842,14862,21,0.087,0.2106,249.1474
448,2022-07-12 00:56:40.816,14863,14869,7,0.0413,0.1192,203.8479
449,2022-07-12 00:56:49.884,14870,14919,50,0.089,0.1421,200.2716
450,2022-07-12 00:56:56.793,14920,14967,48,0.0867,0.1968,249.1474
451,2022-07-12 00:57:04.747,14968,15004,37,0.0371,0.0601,110.8647
452,2022-07-12 00:57:12.712,15005,15028,24,0.1043,0.1475,180.006
453,2022-07-12 00:57:20.685,15029,15039,11,0.1147,0.2021,252.7237
454,2022-07-12 00:57:30.180,15040,15089,50,0.0762,0.0716,140.667
455,2022-07-12 00:57:36.947,15090,15139,50,0.109,0.1986,267.0288
456,2022-07-12 00:57:44.792,15140,15178,39,0.0581,0.0483,129.9381
457,2022-07-12 00:57:52.787,15179,15205,27,0.0805,0.0709,137.0907
458,2022-07-12 00:58:00.779,15206,15223,18,0.0825,0.1676,234.8423
459,2022-07-12 00:58:08.660,15224,15228,5,0.0292,0.0638,108.4805
460,2022-07-12 00:58:17.587,15229,15278,50,0.1156,0.2039,263.4526
461,2022-07-12 00:58:24.593,15279,15326,48,0.0498,0.06,123.9777
462,2022-07-12 00:58:32.643,15327,15360,34,0.0827,0.0695,134.7065
463,2022-07-12 00:58:40.588,15361,15394,34,0.0386,0.0569,113.2488
464,2022-07-12 00:58:48.559,15395,15414,20,0.0718,0.0735,133.5144
465,2022-07-12 00:58:56.518,15415,15422,8,0.1232,0.2118,259.8763
466,2022-07-12 00:59:05.768,15423,15472,50,0.0557,0.0467,118.0172
467,2022-07-12 00:59:12.485,15473,15521,49,0.0887,0.204,244.3791
468,2022-07-12 00:59:20.419,15522,15557,36,0.0745,0.1125,196.6954
469,2022-07-12 00:59:28.347,15558,15594,37,0.1101,0.2061,259.8763
470,2022-07-12 00:59:36.371,15595,15618,24,0.0915,0.1005,158.5484
471,2022-07-12 00:59:44.319,15619,15629,11,0.0718,0.0504,134.7065
472,2022-07-12 00:59:53.992,15630,15679,50,0.0288,0.0407,115.633
473,2022-07-12 01:00:00.660,15680,15729,50,0.0379,0.0512,116.8251
474,2022-07-12 01:00:08.365,15730,15768,39,0.0487,0.0499,116.8251
475,2022-07-12 01:00:16.392,15769,15795,27,0.0398,0.034,115.633
476,2022-07-12 01:00:24.417,15796,15809,14,0.0499,0.0619,115.633
477,2022-07-12 01:00:34.124,15810,15859,50,0.0425,0.05,116.8251
478,2022-07-12 01:00:40.804,15860,15909,50,0.0402,0.0556,115.633
479,2022-07-12 01:00:50.060,15910,15959,50,0.0477,0.0524,115.633
480,2022-07-12 01:00:56.832,15960,16009,50,0.0386,0.0454,115.633
481,2022-07-12 01:01:04.524,16010,16050,41,0.0403,0.0441,116.8251
482,2022-07-12 01:01:13.118,16051,16100,50,0.031,0.0389,116.8251
483,2022-07-12 01:01:20.296,16101,16144,44,0.046,0.0547,115.633
484,2022-07-12 01:01:28.171,16145,16188,44,0.0293,0.0394,116.8251
485,2022-07-12 01:01:36.160,16189,16232,44,0.0421,0.0442,115.633
486,2022-07-12 01:01:44.306,16233,16275,43,0.0381,0.0538,116.8251
487,2022-07-12 01:01:52.260,16276,16310,35,0.0416,0.0432,116.8251
488,2022-07-12 01:02:00.218,16311,16333,23,0.033,0.0371,116.8251
489,2022-07-12 01:02:08.325,16334,16354,21,0.0358,0.0304,115.633
490,2022-07-12 01:02:16.224,16355,16362,8,0.0277,0.0282,114.4409
491,2022-07-12 01:02:33.380,16363,16412,50,0.0439,0.0492,115.633
492,2022-07-12 01:02:40.198,16413,16462,50,0.0476,0.0378,115.633
493,2022-07-12 01:02:48.171,16463,16501,39,0.0363,0.045,115.633
494,2022-07-12 01:02:56.132,16502,16528,27,0.0419,0.0454,115.633
495,2022-07-12 01:03:04.194,16529,16543,15,0.0324,0.0404,115.633
496,2022-07-12 01:03:12.228,16544,16556,13,0.0384,0.0421,115.633
497,2022-07-12 01:03:22.041,16557,16606,50,0.04,0.0431,118.0172
498,2022-07-12 01:03:29.848,16607,16656,50,0.0296,0.0385,118.0172
499,2022-07-12 01:03:36.502,16657,16706,50,0.0493,0.0469,116.8251
500,2022-07-12 01:03:44.460,16707,16743,37,0.0465,0.0406,116.8251
501,2022-07-12 01:03:52.400,16744,16767,24,0.03,0.0454,116.8251
502,2022-07-12 01:04:00.354,16768,16778,11,0.0388,0.0527,115.633
503,2022-07-12 01:04:08.260,16779,16791,13,0.045,0.0523,116.8251
504,2022-07-12 01:04:17.855,16792,16841,50,0.0374,0.0441,116.8251
505,2022-07-12 01:04:24.809,16842,16891,50,0.0412,0.0455,118.0172
506,2022-07-12 01:04:32.499,16892,16929,38,0.0348,0.0423,116.8251
507,2022-07-12 01:04:40.439,16930,16956,27,0.0358,0.0511,116.8251
508,2022-07-12 01:04:48.514,16957,16969,13,0.0457,0.0434,116.8251
509,2022-07-12 01:04:58.256,16970,17019,50,0.0392,0.0448,118.0172
510,2022-07-12 01:05:04.844,17020,17069,50,0.0489,0.0469,116.8251
511,2022-07-12 01:05:12.740,17070,17107,38,0.0304,0.0347,118.0172
512,2022-07-12 01:05:20.820,17108,17133,26,0.0397,0.0567,118.0172
513,2022-07-12 01:05:28.740,17134,17146,13,0.0424,0.0372,115.633
514,2022-07-12 01:05:45.204,17147,17196,50,0.0385,0.0364,116.8251
515,2022-07-12 01:05:53.230,17197,17246,50,0.0418,0.0414,118.0172
516,2022-07-12 01:06:01.096,17247,17286,40,0.0332,0.041,116.8251
517,2022-07-12 01:06:09.221,17287,17311,25,0.0337,0.0345,115.633
518,2022-07-12 01:06:17.179,17312,17324,13,0.0479,0.0378,115.633
519,2022-07-12 01:06:26.758,17325,17374,50,0.0476,0.054,116.8251
520,2022-07-12 01:06:33.408,17375,17424,50,0.0393,0.0316,116.8251
521,2022-07-12 01:06:41.133,17425,17463,39,0.0279,0.0418,118.0172
522,2022-07-12 01:06:49.173,17464,17488,25,0.0525,0.0505,116.8251
523,2022-07-12 01:06:57.151,17489,17499,11,0.0405,0.0333,116.8251
524,2022-07-12 01:07:07.819,17500,17549,50,0.0396,0.0326,118.0172
525,2022-07-12 01:07:14.504,17550,17599,50,0.0342,0.0442,116.8251
526,2022-07-12 01:07:21.267,17600,17648,49,0.0455,0.0493,118.0172
527,2022-07-12 01:07:29.260,17649,17684,36,0.0344,0.0437,116.8251
528,2022-07-12 01:07:37.255,17685,17709,25,0.046,0.0517,116.8251
529,2022-07-12 01:07:45.179,17710,17720,11,0.026,0.0487,116.8251
530,2022-07-12 01:07:53.071,17721,17721,1,0.0029,0.0562,23.8419
531,2022-07-12 01:07:54.616,17722,17771,50,0.0374,0.043,115.633
532,2022-07-12 01:08:01.324,17772,17821,50,0.0229,0.0398,116.8251
533,2022-07-12 01:08:09.198,17822,17859,38,0.0375,0.0463,116.8251
534,2022-07-12 01:08:17.218,17860,17884,25,0.0296,0.0504,116.8251
535,2022-07-12 01:08:25.251,17885,17894,10,0.0348,0.0366,116.8251
536,2022-07-12 01:08:34.704,17895,17944,50,0.031,0.0399,118.0172
537,2022-07-12 01:08:41.601,17945,17994,50,0.0371,0.0477,118.0172
538,2022-07-12 01:08:49.676,17995,18029,35,0.0374,0.0424,118.0172
539,2022-07-12 01:08:57.709,18030,18052,23,0.0341,0.0451,116.8251
540,2022-07-12 01:09:05.688,18053,18062,10,0.0331,0.0502,116.8251
541,2022-07-12 01:09:13.905,18063,18070,8,0.0298,0.0506,118.0172
542,2022-07-12 01:09:23.128,18071,18120,50,0.0273,0.0395,116.8251
543,2022-07-12 01:09:29.681,18121,18170,50,0.0365,0.0427,116.8251
544,2022-07-12 01:09:37.774,18171,18206,36,0.039,0.0409,116.8251
545,2022-07-12 01:09:45.835,18207,18228,22,0.0295,0.052,116.8251
546,2022-07-12 01:09:53.876,18229,18235,7,0.0214,0.0445,116.8251
547,2022-07-12 01:10:01.958,18236,18243,8,0.017,0.0337,115.633
548,2022-07-12 01:10:11.168,18244,18293,50,0.0302,0.038,116.8251
549,2022-07-12 01:10:18.055,18294,18342,49,0.048,0.054,116.8251
550,2022-07-12 01:10:26.247,18343,18388,46,0.0301,0.0415,116.8251
551,2022-07-12 01:10:34.272,18389,18433,45,0.0388,0.0409,116.8251
552,2022-07-12 01:10:42.242,18434,18464,31,0.0259,0.0406,116.8251
553,2022-07-12 01:10:50.426,18465,18481,17,0.0479,0.0529,116.8251
554,2022-07-12 01:10:58.467,18482,18484,3,0.0219,0.0477,98.9437
555,2022-07-12 01:11:00.537,18485,18534,50,0.0338,0.0458,116.8251
556,2022-07-12 01:11:07.348,18535,18584,50,0.0365,0.0395,116.8251
557,2022-07-12 01:11:14.704,18585,18629,45,0.0292,0.0443,116.8251
558,2022-07-12 01:11:22.827,18630,18659,30,0.044,0.0534,115.633
559,2022-07-12 01:11:30.788,18660,18678,19,0.0392,0.034,115.633
560,2022-07-12 01:11:38.853,18679,18683,5,0.0706,0.1434,227.6898
561,2022-07-12 01:11:47.790,18684,18733,50,0.0614,0.0446,125.1698
562,2022-07-12 01:11:55.696,18734,18783,50,0.0603,0.0509,113.2488
563,2022-07-12 01:12:03.184,18784,18827,44,0.0638,0.1254,206.2321
564,2022-07-12 01:12:11.247,18828,18857,30,0.0592,0.1475,227.6898
565,2022-07-12 01:12:19.195,18858,18875,18,0.0733,0.0498,112.0567
566,2022-07-12 01:12:27.208,18876,18879,4,0.0799,0.1338,135.8986
567,2022-07-12 01:12:29.385,18880,18929,50,0.0699,0.1424,240.8028
568,2022-07-12 01:12:36.055,18930,18979,50,0.0486,0.0416,112.0567
569,2022-07-12 01:12:43.312,18980,19023,44,0.1156,0.1228,184.7744
570,2022-07-12 01:12:51.468,19024,19065,42,0.0514,0.0524,110.8647
571,2022-07-12 01:12:59.519,19066,19095,30,0.0667,0.1723,241.9949
572,2022-07-12 01:13:07.457,19096,19115,20,0.087,0.096,172.8535
573,2022-07-12 01:13:15.417,19116,19123,8,0.0441,0.0555,110.8647
574,2022-07-12 01:13:24.740,19124,19173,50,0.0741,0.1107,184.7744
575,2022-07-12 01:13:32.840,19174,19223,50,0.0957,0.176,264.6447
576,2022-07-12 01:13:39.456,19224,19272,49,0.0703,0.1008,164.5088
577,2022-07-12 01:13:47.379,19273,19307,35,0.0625,0.0575,112.0567
578,2022-07-12 01:13:55.330,19308,19342,35,0.1037,0.0978,158.5484
579,2022-07-12 01:14:03.369,19343,19366,24,0.063,0.0701,138.2828
580,2022-07-12 01:14:11.239,19367,19376,10,0.0853,0.185,243.187
581,2022-07-12 01:14:28.769,19377,19426,50,0.0602,0.0596,135.8986
582,2022-07-12 01:14:35.252,19427,19476,50,0.0784,0.0542,112.0567
583,2022-07-12 01:14:43.335,19477,19513,37,0.0766,0.1862,250.3395
584,2022-07-12 01:14:51.439,19514,19538,25,0.0757,0.094,152.5879
585,2022-07-12 01:14:59.376,19539,19549,11,0.0759,0.0529,110.8647
586,2022-07-12 01:15:17.019,19550,19599,50,0.076,0.173,263.4526
587,2022-07-12 01:15:23.633,19600,19649,50,0.0755,0.1012,174.0456
588,2022-07-12 01:15:31.236,19650,19691,42,0.0639,0.04,114.4409
589,2022-07-12 01:15:39.216,19692,19720,29,0.0712,0.1888,251.5316
590,2022-07-12 01:15:47.224,19721,19738,18,0.1037,0.0884,150.2037
591,2022-07-12 01:15:55.225,19739,19744,6,0.0495,0.0362,118.0172
592,2022-07-12 01:16:04.244,19745,19794,50,0.0931,0.0978,165.7009
593,2022-07-12 01:16:11.294,19795,19840,46,0.0748,0.0565,115.633
594,2022-07-12 01:16:19.392,19841,19875,35,0.093,0.1908,261.0684
595,2022-07-12 01:16:27.377,19876,19897,22,0.0679,0.0913,150.2037
596,2022-07-12 01:16:35.392,19898,19905,8,0.0764,0.0456,114.4409
597,2022-07-12 01:16:44.524,19906,19955,50,0.0711,0.1331,216.9609
598,2022-07-12 01:16:51.528,19956,19999,44,0.0673,0.0443,114.4409
