epoch,학습 오차,검증 정상 오차
1,1.0043506746690116,1.1143122911453247
2,0.9993720611446741,1.11270010471344
3,0.9961706153079748,1.105965256690979
4,0.9860145017193753,1.0952024459838867
5,0.98090912777195,1.0935808420181274
6,0.979387371918937,1.0921196937561035
7,0.976671439304015,1.0876179933547974
8,0.9650540519296453,1.0702451467514038
9,0.9365441985727313,1.0337737798690796
10,0.8765605386723293,0.96258544921875
11,0.8187535209028143,0.9095104932785034
12,0.7818575689918922,0.8778956532478333
13,0.7474517275012706,0.8317395448684692
14,0.7116223958292512,0.8036525249481201
15,0.6985851282292729,0.7952914834022522
16,0.6922204302172408,0.7897377610206604
17,0.688297001450632,0.7847099900245667
18,0.6850740656519778,0.7815228700637817
19,0.6822191552404033,0.7787618041038513
20,0.6798274081744505,0.7762947082519531
21,0.6782376207471085,0.7742456197738647
22,0.6761727002994972,0.7723511457443237
23,0.6744024097249749,0.7710418701171875
24,0.6729779541014094,0.7693895101547241
25,0.6719573245385294,0.7677293419837952
26,0.6694312271681491,0.7661951780319214
27,0.6672415474061981,0.7636396288871765
28,0.6648915849183574,0.7612497806549072
29,0.6620193692118551,0.7591087818145752
30,0.659556483954526,0.7554277181625366
31,0.6574311453496281,0.7530266642570496
32,0.6548313755858959,0.751021683216095
33,0.6526672077599919,0.7484692931175232
34,0.6512094549535749,0.7472166419029236
35,0.6494750110716536,0.74480801820755
36,0.6481712936972347,0.7444536089897156
37,0.6468496094928698,0.7433881163597107
38,0.6458779829845765,0.7425937056541443
39,0.6451371974202641,0.741745114326477
40,0.643884560461029,0.7412434220314026
41,0.6430739174876512,0.7415838241577148
42,0.6425448643166219,0.7404200434684753
43,0.6420704045992219,0.7399159073829651
44,0.6413136708219782,0.740075945854187
45,0.6405422159412316,0.7392596006393433
46,0.6399468131853719,0.7389466762542725
47,0.6392144971253593,0.737916886806488
48,0.6383335840070611,0.7386403679847717
49,0.6383633544701443,0.738581120967865
50,0.6379579912219346,0.7375072836875916
51,0.6371062923204841,0.7370767593383789
52,0.6360499719172764,0.7359604239463806
53,0.635018484646015,0.7359132766723633
54,0.6344511402743969,0.7354825139045715
55,0.634146742128063,0.735945463180542
56,0.6326743632220151,0.7346946597099304
57,0.6321894509260383,0.73406982421875
58,0.6309238998503401,0.7338850498199463
59,0.6295791710360666,0.7330056428909302
60,0.628483895792433,0.7319911122322083
61,0.6272673688195107,0.7303774356842041
62,0.6256416364427937,0.7326300144195557
63,0.6245510763762276,0.7341416478157043
64,0.6236001830039782,0.732776939868927
65,0.6216914480608884,0.7287223935127258
66,0.6180825818503458,0.7275960445404053
67,0.6132085582609161,0.7269617319107056
68,0.6127964094592135,0.730648934841156
69,0.609800066505925,0.7269506454467773
70,0.6034218932518416,0.7231560349464417
71,0.6014552703829867,0.7213125228881836
72,0.5966368971054665,0.7204820513725281
73,0.5905705697081062,0.7131499648094177
74,0.5883685001209498,0.70948725938797
75,0.5819184958073722,0.7040535807609558
76,0.5732466224491309,0.7138850092887878
77,0.5671344156441298,0.7066256403923035
78,0.5612854063032526,0.6910068988800049
79,0.5525933157766229,0.6850225925445557
80,0.5431545714505411,0.683784544467926
81,0.5360556064505447,0.6674571633338928
82,0.5262923028266258,0.6679136157035828
83,0.5227121581617941,0.6617511510848999
84,0.5194447449084079,0.6614704132080078
85,0.5129131688160843,0.6437727808952332
86,0.5052096069720162,0.6484951972961426
87,0.5053948515108271,0.6450780034065247
88,0.4965149847309241,0.627935528755188
89,0.4952776102920214,0.6211977601051331
90,0.4791554149903991,0.6047778129577637
91,0.47286864909467496,0.5965116620063782
92,0.4680041299585737,0.5941787958145142
93,0.47333736366100526,0.5844337344169617
94,0.47008050483072933,0.5802398920059204
95,0.4589645511935649,0.5818401575088501
96,0.45367698703876086,0.5640057325363159
97,0.4551625555055291,0.5659732818603516
98,0.44936483160833296,0.5544096827507019
99,0.44494880900911116,0.5508769154548645
100,0.44138767822596275,0.5487656593322754
101,0.43738416483084613,0.5539778470993042
102,0.4374582650764796,0.544265866279602
103,0.43162892359409055,0.5398890376091003
104,0.43246392396250277,0.5464212894439697
105,0.4295561861360437,0.5415858626365662
106,0.424520090963829,0.5382618308067322
107,0.4243495250972852,0.5386893153190613
108,0.423073492788771,0.5325396060943604
109,0.41970590020068,0.5303860306739807
110,0.4175518529660055,0.5266852974891663
111,0.41591125525785294,0.5291177034378052
112,0.41405401365714894,0.526341438293457
113,0.41232213526246636,0.5226237773895264
114,0.4097311719654077,0.5256776809692383
115,0.4081353789156551,0.5261543393135071
116,0.4079196916633012,0.5252841114997864
117,0.408588505145252,0.5219815373420715
118,0.408006798398246,0.5235615372657776
119,0.40559778693782383,0.5221584439277649
120,0.40137890440503055,0.5187762379646301
121,0.40072076857377015,0.5162492394447327
122,0.39813772465788533,0.5104373097419739
123,0.39728898843257043,0.5126451253890991
124,0.39912030048201974,0.5076648592948914
125,0.39538773688611784,0.5074328184127808
126,0.3954800494601218,0.5111611485481262
127,0.39250316761469956,0.5070726871490479
128,0.3929802614651369,0.5032311677932739
129,0.3912440413073973,0.506496250629425
130,0.39013783229488047,0.4995364546775818
131,0.39011436461636956,0.4972860813140869
132,0.386250045096702,0.4971463978290558
133,0.38433613449956977,0.4964953660964966
134,0.38495157340939123,0.5003311038017273
135,0.3838633624164098,0.4980022609233856
136,0.38220252185151055,0.4912668466567993
137,0.3804935490530146,0.4927034080028534
138,0.38257271563260553,0.4932950735092163
139,0.38365735642217325,0.49141889810562134
140,0.3797275680408815,0.4879201352596283
141,0.37721168832258467,0.4872263967990875
142,0.37541152950657314,0.48914092779159546
143,0.3756184956330932,0.4830188751220703
144,0.3732961848210753,0.48300445079803467
145,0.3731179917604927,0.48245635628700256
146,0.37369348383830026,0.4814144968986511
147,0.37236483287466854,0.4812529683113098
148,0.37049384470162,0.48505866527557373
149,0.37193903910597104,0.4855794310569763
150,0.3711201554795138,0.47811394929885864
151,0.36776502370643005,0.47581449151039124
152,0.36666561235011486,0.47766396403312683
153,0.36604627081900115,0.4747491478919983
154,0.36440429081886194,0.4711931645870209
155,0.3635579129474695,0.4692602753639221
156,0.3632943058090455,0.4727899730205536
157,0.3618014084584832,0.47251051664352417
158,0.36274156868936164,0.47176072001457214
159,0.36355304837609564,0.46429336071014404
160,0.36025813542437973,0.4705924987792969
161,0.3591324583676615,0.47044098377227783
162,0.36170088010653256,0.47283005714416504
163,0.3592605437264205,0.4633273482322693
164,0.3560097213254503,0.46351075172424316
165,0.3567323757882677,0.4660864472389221
166,0.35480964403856624,0.4616077244281769
167,0.3557415889698659,0.4619390070438385
168,0.35547560042018495,0.45962804555892944
169,0.35562110081147613,0.4594058394432068
170,0.3535006954237508,0.4604967534542084
171,0.3516701526377787,0.4588661789894104
172,0.3506482791747557,0.45450669527053833
173,0.35046336026099867,0.45882436633110046
174,0.35031811704030963,0.4542793333530426
175,0.3492741977039539,0.45804068446159363
176,0.3485374810894649,0.4529527425765991
177,0.34620342223066386,0.44956085085868835
178,0.34726662060804964,0.452593594789505
179,0.34706466710777956,0.4413771629333496
180,0.34469267998614245,0.45012688636779785
181,0.3451398275254435,0.4452086091041565
182,0.34320108791032916,0.4436696469783783
183,0.3431167295426848,0.4402061998844147
184,0.3456308861318408,0.43894174695014954
185,0.34233438676854006,0.44144967198371887
186,0.3400820376976344,0.4403655230998993
187,0.34100374010171786,0.4421482980251312
188,0.3409703677672636,0.44201332330703735
189,0.3408860841206907,0.4334200322628021
190,0.33862425499322135,0.43748030066490173
191,0.3368648815403781,0.43262314796447754
192,0.3369554293672308,0.4300804138183594
193,0.3349105323489941,0.43077924847602844
194,0.33580684068688993,0.4281378388404846
195,0.33421795058212156,0.42490288615226746
196,0.334612264918286,0.42223045229911804
197,0.3344300565807624,0.42375612258911133
198,0.3345127289406178,0.4236711859703064
199,0.33471054379285625,0.42420080304145813
200,0.33471765133580655,0.42154088616371155
201,0.332143137055071,0.41985923051834106
202,0.3317839577435299,0.42461737990379333
203,0.33048196134559604,0.42526671290397644
204,0.3304377810051889,0.41980791091918945
205,0.32992035719785795,0.4169875383377075
206,0.32794154556184096,0.4183819591999054
207,0.32948284398877986,0.4240041971206665
208,0.33084420589535807,0.42180198431015015
209,0.3316792455377778,0.43240293860435486
210,0.3285825045399643,0.42493095993995667
211,0.3252620283711588,0.422808974981308
212,0.32562086215754,0.41058823466300964
213,0.3247594295688464,0.4270486533641815
214,0.3251189312047025,0.4310334026813507
215,0.32515842440040305,0.4224770963191986
216,0.32401505760836563,0.4278600513935089
217,0.3223584986039188,0.42676103115081787
218,0.3215491090980426,0.411091148853302
219,0.321506718906124,0.4186422526836395
220,0.3193609770477105,0.41994041204452515
221,0.3191004909252087,0.40546855330467224
222,0.31961104034612114,0.42190805077552795
223,0.3189808390496439,0.42055776715278625
224,0.3188455371757189,0.41533446311950684
225,0.3201412750859513,0.4156302511692047
226,0.3173461812839845,0.4211219847202301
227,0.3168295091840276,0.41743797063827515
228,0.3184706830863585,0.4126186966896057
229,0.3173252749309111,0.41511720418930054
230,0.31605566040662086,0.41461220383644104
231,0.31490512003293963,0.4151352047920227
232,0.3133088951604516,0.41155487298965454
233,0.313661160955077,0.4137696623802185
234,0.3128638970717955,0.408903568983078
235,0.3127157409730731,0.40947335958480835
236,0.3136368870830842,0.4112689197063446
237,0.3131342169561126,0.40966367721557617
238,0.3120060578873605,0.4066518247127533
239,0.31179531877725886,0.40437957644462585
240,0.31194001565392865,0.4101507365703583
241,0.31151433836782344,0.4038529396057129
242,0.31010610190478793,0.4016970992088318
243,0.30817879289149475,0.40332138538360596
244,0.3104222769913283,0.40046942234039307
245,0.3086935854359959,0.39700523018836975
246,0.30826517226799344,0.39888063073158264
247,0.3069491551450512,0.402728408575058
248,0.3084124103308107,0.39702433347702026
249,0.3098085177748391,0.4005657136440277
250,0.3072600912416345,0.40024468302726746
251,0.30826165999493665,0.39994972944259644
252,0.30661227744234126,0.39315366744995117
253,0.30969769111797096,0.39870551228523254
254,0.30522342028625515,0.3959730863571167
255,0.30452638634900603,0.3962736129760742
256,0.3042116907588169,0.39277759194374084
257,0.3021518037942975,0.39159590005874634
258,0.30323775325502667,0.39429476857185364
259,0.30121290846391435,0.38769498467445374
260,0.30143852802187826,0.39450857043266296
261,0.3005849701826301,0.38852304220199585
262,0.2998781966742122,0.3891545236110687
263,0.3002531293115876,0.3880124092102051
264,0.2997173080953319,0.3857242166996002
265,0.29937320785002,0.38934674859046936
266,0.29997148205724994,0.3909493088722229
267,0.2997938566758966,0.3889351785182953
268,0.2987244011502396,0.38139182329177856
269,0.29820380303679844,0.3863683342933655
270,0.2997917409023542,0.3884226977825165
271,0.29932296400468195,0.3827129900455475
272,0.2970425614288875,0.3836914598941803
273,0.29559612188063694,0.38772737979888916
274,0.29870265109963823,0.38450080156326294
275,0.2982344360690247,0.3807142674922943
276,0.2963611637608389,0.3791268765926361
277,0.29479004268087505,0.3810843825340271
278,0.294551515081721,0.3744341731071472
279,0.29430907797277644,0.38148537278175354
280,0.2960497703445092,0.38255181908607483
281,0.2942778977115503,0.3709574043750763
282,0.29206058311232785,0.3728444576263428
283,0.29248552519475285,0.3707331120967865
284,0.2922319390991909,0.3820178210735321
285,0.292597752847794,0.3738359212875366
286,0.2911762393783796,0.3736584484577179
287,0.2907134360524663,0.3654055893421173
288,0.29064111772739293,0.37635260820388794
289,0.29021933335171085,0.3766729533672333
290,0.29081871292372957,0.3706316649913788
291,0.28988159195569313,0.37888303399086
292,0.28954080192082193,0.3736044466495514
293,0.28859267973402336,0.3736529052257538
294,0.2893303801600087,0.37749695777893066
295,0.2890559025886162,0.37280502915382385
296,0.2879004519594232,0.3748614192008972
297,0.28789596572924964,0.3672461211681366
298,0.2877133448472184,0.37182819843292236
299,0.2881109938862618,0.3718571960926056
300,0.2896508275027451,0.3626706898212433
301,0.2860773557357574,0.3638931214809418
302,0.2858417644546656,0.3729328513145447
303,0.28586185327693703,0.37362831830978394
304,0.2855903713412308,0.3655852675437927
305,0.28528643635073214,0.37295660376548767
306,0.28406084722347474,0.3630792200565338
307,0.284276157378385,0.3656006455421448
308,0.28387709657989,0.37281736731529236
309,0.2860029854035875,0.36100152134895325
310,0.28512500420236664,0.36482366919517517
311,0.2830819792770459,0.36365607380867004
312,0.2829166625896962,0.3732399344444275
313,0.2844079379380993,0.36225470900535583
314,0.28429129370525597,0.37292835116386414
315,0.28392998230782596,0.36015021800994873
316,0.28267776200706274,0.36722320318222046
317,0.2816692881561206,0.36827027797698975
318,0.28180441886999824,0.36151936650276184
319,0.28134328323038205,0.36398056149482727
320,0.2816323803956015,0.3664877712726593
321,0.2819240798345538,0.36852338910102844
322,0.28333800495340583,0.3570275902748108
323,0.2814069391253672,0.3642093539237976
324,0.28012409225034485,0.367155522108078
325,0.2800158765495876,0.3609512448310852
326,0.2796129038016257,0.3678481876850128
327,0.281591917643769,0.3582080900669098
328,0.2793217856753887,0.35351842641830444
329,0.27769875956959367,0.35650163888931274
330,0.27913373115548734,0.35450658202171326
331,0.28056381661953167,0.36310383677482605
332,0.2784840953005642,0.3595876097679138
333,0.27868601053139946,0.35594356060028076
334,0.27721698177951487,0.35981905460357666
335,0.27669446349718024,0.3619341552257538
336,0.27833643110758993,0.3646693825721741
337,0.27667964050130706,0.3561789393424988
338,0.27692693825900844,0.359432578086853
339,0.2763646270595431,0.35909202694892883
340,0.2772740770496105,0.3617739975452423
341,0.2778521784092412,0.3488718569278717
342,0.2748788564105669,0.3521003723144531
343,0.2757821071109649,0.3457977771759033
344,0.27716787573231166,0.35336557030677795
345,0.27490660165515796,0.3511398136615753
346,0.2741583875630105,0.3511852025985718
347,0.27605669982551956,0.3501971960067749
348,0.2779883382599771,0.3488386571407318
349,0.2757538103798993,0.36000868678092957
350,0.27669652378004206,0.3517047166824341
351,0.27325225366730943,0.34915289282798767
352,0.27210843500892,0.35715848207473755
353,0.272029086397318,0.35208451747894287
354,0.2729821986792367,0.3460516631603241
355,0.27338522012505445,0.3438987135887146
356,0.2719002230687853,0.34568580985069275
357,0.2728455070507852,0.3465060889720917
358,0.2736508743433853,0.3453090190887451
359,0.2708618702609122,0.34345388412475586
360,0.270512050696399,0.34532228112220764
361,0.271156152599696,0.3501904308795929
362,0.27100266707555826,0.3433759808540344
363,0.27261899103130993,0.347931832075119
364,0.27150441005371545,0.34628868103027344
365,0.2696543920241045,0.33888137340545654
366,0.2699276527470609,0.3415029048919678
367,0.26923163735082023,0.3448176383972168
368,0.27010819344612413,0.34188178181648254
369,0.2693345249655924,0.34109169244766235
370,0.2695155496055778,0.34168440103530884
371,0.2694265417647017,0.34499695897102356
372,0.2693161651085506,0.3438698351383209
373,0.26749922552805266,0.3418334424495697
374,0.26877168710694843,0.33722344040870667
375,0.2680623797792493,0.34391722083091736
376,0.2704962766572331,0.3507305085659027
377,0.26783611217624304,0.33913031220436096
378,0.2671237933788789,0.34007230401039124
379,0.26613891234749965,0.3416903018951416
380,0.2657673466071654,0.34083548188209534
381,0.2669564282721922,0.3383587598800659
382,0.26625366143009255,0.34394219517707825
383,0.2674239543812233,0.340059757232666
384,0.266006910231676,0.3405103087425232
385,0.2656234162672756,0.34168440103530884
386,0.26705063346109653,0.3397269546985626
387,0.2659330844974824,0.33889612555503845
388,0.26500988707400824,0.34232333302497864
389,0.264274867302342,0.338868111371994
390,0.26503306732514503,0.3387344777584076
391,0.26480441587120535,0.3393552899360657
392,0.26461070802295955,0.3379523456096649
393,0.2640100105233598,0.3362990617752075
394,0.26326140507840423,0.3446543216705322
395,0.26510803255567966,0.33938464522361755
396,0.2627818386876181,0.3394482433795929
397,0.2623956012591887,0.33862370252609253
398,0.26292628186185324,0.33730432391166687
399,0.26249541770397755,0.3393992781639099
400,0.26410787857554696,0.34346532821655273
401,0.2639175138733743,0.33866357803344727
402,0.26166718609834366,0.3355308473110199
403,0.2617543385891815,0.3401384949684143
404,0.2623379553875992,0.3388875424861908
405,0.26252882988648085,0.33760398626327515
406,0.2620188697191915,0.338384211063385
407,0.26110689397034254,0.33796873688697815
408,0.2626607559657212,0.3396490514278412
409,0.2626761636946404,0.332845002412796
410,0.26210598281642983,0.3371667265892029
411,0.2612112746671153,0.3353584408760071
412,0.26022026272876303,0.338645339012146
413,0.26044038512159506,0.3306716978549957
414,0.26102672868900084,0.3355637788772583
415,0.26112888447258675,0.3343973755836487
416,0.2591370837598513,0.33538123965263367
417,0.26010238535905533,0.3349553346633911
418,0.2596199158967785,0.33620190620422363
419,0.259011923836284,0.33931952714920044
420,0.2588521870717191,0.326840877532959
421,0.25768021634072785,0.3329666256904602
422,0.25807088737885797,0.33346572518348694
423,0.2580549067804174,0.34138667583465576
424,0.2613510580832082,0.3360830545425415
425,0.2617828484809992,0.3270806670188904
426,0.25758057634195203,0.33543267846107483
427,0.25854387415354746,0.33320680260658264
428,0.25703557593864573,0.3325998783111572
429,0.25621321469688874,0.33298444747924805
430,0.256765575986804,0.3321675956249237
431,0.2566502746762663,0.33080798387527466
432,0.2561909498267151,0.3319443166255951
433,0.2567241766383904,0.33928045630455017
434,0.25621679004275777,0.33121901750564575
435,0.2576465531107319,0.3370305299758911
436,0.25915828796871976,0.33124613761901855
437,0.2562483349638613,0.3274917006492615
438,0.25757225692559205,0.33342912793159485
439,0.25488073262797123,0.3354640305042267
440,0.25520192682264703,0.3303225338459015
