WindowID,Split,State,Label,구간키,시작 원본인덱스,시작 시각
0,train,A,0,N_0,0,2022-07-12 00:00:00.019
1,train,A,0,N_0,16,2022-07-12 00:00:01.619
2,train,A,0,N_1,41,2022-07-12 00:00:07.224
3,train,A,0,N_1,57,2022-07-12 00:00:08.824
4,train,A,0,N_2,78,2022-07-12 00:00:15.267
5,train,A,0,N_4,112,2022-07-12 00:00:32.752
6,train,A,0,N_4,128,2022-07-12 00:00:34.352
7,train,A,0,N_4,144,2022-07-12 00:00:35.952
8,train,A,0,N_5,162,2022-07-12 00:00:39.756
9,train,A,0,N_5,178,2022-07-12 00:00:41.356
10,train,A,0,N_5,194,2022-07-12 00:00:42.956
11,train,A,0,N_6,212,2022-07-12 00:00:47.676
12,train,A,0,N_6,228,2022-07-12 00:00:49.276
13,train,A,0,N_6,244,2022-07-12 00:00:50.876
14,train,A,0,N_7,262,2022-07-12 00:00:55.468
15,train,A,0,N_7,278,2022-07-12 00:00:57.068
16,train,A,0,N_8,303,2022-07-12 00:01:03.576
17,train,A,0,N_10,342,2022-07-12 00:01:21.222
18,train,A,0,N_10,358,2022-07-12 00:01:22.822
19,train,A,0,N_10,374,2022-07-12 00:01:24.422
20,train,A,0,N_11,392,2022-07-12 00:01:27.857
21,train,A,0,N_11,408,2022-07-12 00:01:29.457
22,train,A,0,N_11,424,2022-07-12 00:01:31.057
23,train,A,0,N_12,442,2022-07-12 00:01:35.646
24,train,A,0,N_12,458,2022-07-12 00:01:37.246
25,train,A,0,N_13,482,2022-07-12 00:01:43.757
26,train,A,0,N_15,521,2022-07-12 00:02:01.294
27,train,A,0,N_15,537,2022-07-12 00:02:02.894
28,train,A,0,N_15,553,2022-07-12 00:02:04.494
29,train,A,0,N_16,571,2022-07-12 00:02:07.924
30,train,A,0,N_16,587,2022-07-12 00:02:09.524
31,train,A,0,N_16,603,2022-07-12 00:02:11.124
32,train,A,0,N_17,621,2022-07-12 00:02:15.921
33,train,A,0,N_17,637,2022-07-12 00:02:17.521
34,train,A,0,N_18,657,2022-07-12 00:02:23.876
35,train,A,0,N_18,673,2022-07-12 00:02:25.476
36,train,A,0,N_19,693,2022-07-12 00:02:31.936
37,train,A,0,N_20,716,2022-07-12 00:02:40.000
38,train,A,0,N_22,749,2022-07-12 00:02:57.334
39,train,A,0,N_22,765,2022-07-12 00:02:58.934
40,train,A,0,N_22,781,2022-07-12 00:03:00.534
41,train,A,0,N_23,799,2022-07-12 00:03:04.000
42,train,A,0,N_23,815,2022-07-12 00:03:05.600
43,train,A,0,N_23,831,2022-07-12 00:03:07.200
44,train,A,0,N_24,849,2022-07-12 00:03:12.129
45,train,A,0,N_24,865,2022-07-12 00:03:13.729
46,train,A,0,N_25,885,2022-07-12 00:03:20.215
47,train,A,0,N_27,923,2022-07-12 00:03:44.676
48,train,A,0,N_27,939,2022-07-12 00:03:46.276
49,train,A,0,N_27,955,2022-07-12 00:03:47.876
50,train,A,0,N_28,973,2022-07-12 00:03:52.544
51,train,A,0,N_28,989,2022-07-12 00:03:54.144
52,train,A,0,N_28,1005,2022-07-12 00:03:55.744
53,train,A,0,N_29,1023,2022-07-12 00:04:00.140
54,train,A,0,N_29,1039,2022-07-12 00:04:01.740
55,train,A,0,N_30,1065,2022-07-12 00:04:08.213
56,train,A,0,N_33,1107,2022-07-12 00:04:25.827
57,train,A,0,N_33,1123,2022-07-12 00:04:27.427
58,train,A,0,N_33,1139,2022-07-12 00:04:29.027
59,train,A,0,N_34,1157,2022-07-12 00:04:32.537
60,train,A,0,N_34,1173,2022-07-12 00:04:34.137
61,train,A,0,N_34,1189,2022-07-12 00:04:35.737
62,train,A,0,N_35,1207,2022-07-12 00:04:40.416
63,train,A,0,N_35,1223,2022-07-12 00:04:42.016
64,train,A,0,N_36,1245,2022-07-12 00:04:48.455
65,train,A,0,N_36,1261,2022-07-12 00:04:50.055
66,train,A,0,N_37,1282,2022-07-12 00:04:56.641
67,train,A,0,N_41,1331,2022-07-12 00:05:22.496
68,train,A,0,N_41,1347,2022-07-12 00:05:24.096
69,train,A,0,N_41,1363,2022-07-12 00:05:25.696
70,train,A,0,N_42,1381,2022-07-12 00:05:29.007
71,train,A,0,N_42,1397,2022-07-12 00:05:30.607
72,train,A,0,N_42,1413,2022-07-12 00:05:32.207
73,train,A,0,N_43,1431,2022-07-12 00:05:36.499
74,train,A,0,N_43,1447,2022-07-12 00:05:38.099
75,train,A,0,N_44,1474,2022-07-12 00:05:44.604
76,train,A,0,N_45,1503,2022-07-12 00:05:52.492
77,train,A,0,N_47,1525,2022-07-12 00:06:02.560
78,train,A,0,N_47,1541,2022-07-12 00:06:04.160
79,train,A,0,N_47,1557,2022-07-12 00:06:05.760
80,train,A,0,N_48,1575,2022-07-12 00:06:09.177
81,train,A,0,N_48,1591,2022-07-12 00:06:10.777
82,train,A,0,N_48,1607,2022-07-12 00:06:12.377
83,train,A,0,N_49,1625,2022-07-12 00:06:16.934
84,train,A,0,N_49,1641,2022-07-12 00:06:18.534
85,train,A,0,N_50,1665,2022-07-12 00:06:25.547
86,train,A,0,N_51,1687,2022-07-12 00:06:29.384
87,train,A,0,N_51,1703,2022-07-12 00:06:30.984
88,train,A,0,N_51,1719,2022-07-12 00:06:32.584
89,train,A,0,N_52,1737,2022-07-12 00:06:36.231
90,train,A,0,N_52,1753,2022-07-12 00:06:37.831
91,train,A,0,N_52,1769,2022-07-12 00:06:39.431
92,train,A,0,N_53,1787,2022-07-12 00:06:43.040
93,train,A,0,N_53,1803,2022-07-12 00:06:44.640
94,train,A,0,N_53,1819,2022-07-12 00:06:46.240
95,train,A,0,N_54,1837,2022-07-12 00:06:49.646
96,train,A,0,N_54,1853,2022-07-12 00:06:51.246
97,train,A,0,N_54,1869,2022-07-12 00:06:52.846
98,train,A,0,N_55,1887,2022-07-12 00:06:57.798
99,train,A,0,N_55,1903,2022-07-12 00:06:59.398
100,train,A,0,N_55,1919,2022-07-12 00:07:00.998
101,train,A,0,N_56,1937,2022-07-12 00:07:04.844
102,train,A,0,N_56,1953,2022-07-12 00:07:06.444
103,train,A,0,N_56,1969,2022-07-12 00:07:08.044
104,train,A,0,N_57,1987,2022-07-12 00:07:12.647
105,train,A,0,N_57,2003,2022-07-12 00:07:14.247
106,train,A,0,N_57,2019,2022-07-12 00:07:15.847
107,train,A,0,N_58,2037,2022-07-12 00:07:19.348
108,train,A,0,N_58,2053,2022-07-12 00:07:20.948
109,train,A,0,N_58,2069,2022-07-12 00:07:22.548
110,train,A,0,N_59,2087,2022-07-12 00:07:25.971
111,train,A,0,N_59,2103,2022-07-12 00:07:27.571
112,train,A,0,N_59,2119,2022-07-12 00:07:29.171
113,train,A,0,N_60,2137,2022-07-12 00:07:32.847
114,train,A,0,N_60,2153,2022-07-12 00:07:34.447
115,train,A,0,N_60,2169,2022-07-12 00:07:36.047
116,train,A,0,N_61,2187,2022-07-12 00:07:39.560
117,train,A,0,N_61,2203,2022-07-12 00:07:41.160
118,train,A,0,N_61,2219,2022-07-12 00:07:42.760
119,train,A,0,N_62,2237,2022-07-12 00:07:46.324
120,train,A,0,N_62,2253,2022-07-12 00:07:47.924
121,train,A,0,N_62,2269,2022-07-12 00:07:49.524
122,train,A,0,N_63,2287,2022-07-12 00:07:52.879
123,train,A,0,N_63,2303,2022-07-12 00:07:54.479
124,train,A,0,N_63,2319,2022-07-12 00:07:56.079
125,train,A,0,N_64,2337,2022-07-12 00:07:59.767
126,train,A,0,N_64,2353,2022-07-12 00:08:01.367
127,train,A,0,N_64,2369,2022-07-12 00:08:02.967
128,train,A,0,N_65,2387,2022-07-12 00:08:06.337
129,train,A,0,N_65,2403,2022-07-12 00:08:07.937
130,train,A,0,N_65,2419,2022-07-12 00:08:09.537
131,train,A,0,N_66,2437,2022-07-12 00:08:13.092
132,train,A,0,N_66,2453,2022-07-12 00:08:14.692
133,train,A,0,N_66,2469,2022-07-12 00:08:16.292
134,train,A,0,N_67,2487,2022-07-12 00:08:26.424
135,train,A,0,N_67,2503,2022-07-12 00:08:28.024
136,train,A,0,N_67,2519,2022-07-12 00:08:29.624
137,train,A,0,N_68,2537,2022-07-12 00:08:33.206
138,train,A,0,N_68,2553,2022-07-12 00:08:34.806
139,train,A,0,N_68,2569,2022-07-12 00:08:36.406
140,train,A,0,N_69,2587,2022-07-12 00:08:39.956
141,train,A,0,N_69,2603,2022-07-12 00:08:41.556
142,train,A,0,N_69,2619,2022-07-12 00:08:43.156
143,train,A,0,N_70,2637,2022-07-12 00:08:46.662
144,train,A,0,N_70,2653,2022-07-12 00:08:48.262
145,train,A,0,N_70,2669,2022-07-12 00:08:49.862
146,train,A,0,N_71,2687,2022-07-12 00:08:53.480
147,train,A,0,N_71,2703,2022-07-12 00:08:55.080
148,train,A,0,N_71,2719,2022-07-12 00:08:56.680
149,train,A,0,N_72,2737,2022-07-12 00:09:00.084
150,train,A,0,N_72,2753,2022-07-12 00:09:01.684
151,train,A,0,N_72,2769,2022-07-12 00:09:03.284
152,train,A,0,N_73,2787,2022-07-12 00:09:06.833
153,train,A,0,N_73,2803,2022-07-12 00:09:08.433
154,train,A,0,N_73,2819,2022-07-12 00:09:10.033
155,train,A,0,N_74,2837,2022-07-12 00:09:13.436
156,train,A,0,N_74,2853,2022-07-12 00:09:15.036
157,train,A,0,N_74,2869,2022-07-12 00:09:16.636
158,train,A,0,N_75,2887,2022-07-12 00:09:20.084
159,train,A,0,N_75,2903,2022-07-12 00:09:21.684
160,train,A,0,N_75,2919,2022-07-12 00:09:23.284
161,train,A,0,N_76,2937,2022-07-12 00:09:28.152
162,train,A,0,N_76,2953,2022-07-12 00:09:29.752
163,train,A,0,N_76,2969,2022-07-12 00:09:31.352
164,train,A,0,N_78,2999,2022-07-12 00:09:41.691
165,train,A,0,N_78,3015,2022-07-12 00:09:43.291
166,train,A,0,N_78,3031,2022-07-12 00:09:44.891
167,train,A,0,N_79,3049,2022-07-12 00:09:48.366
168,train,A,0,N_79,3065,2022-07-12 00:09:49.966
169,train,A,0,N_79,3081,2022-07-12 00:09:51.566
170,train,A,0,N_80,3099,2022-07-12 00:09:55.827
171,train,A,0,N_80,3115,2022-07-12 00:09:57.427
172,train,A,0,N_81,3141,2022-07-12 00:10:03.867
173,train,A,0,N_82,3172,2022-07-12 00:10:11.896
174,train,A,0,N_84,3193,2022-07-12 00:10:28.656
175,train,A,0,N_84,3209,2022-07-12 00:10:30.256
176,train,A,0,N_84,3225,2022-07-12 00:10:31.856
177,train,A,0,N_85,3243,2022-07-12 00:10:35.872
178,train,A,0,N_85,3259,2022-07-12 00:10:37.472
179,train,A,0,N_86,3289,2022-07-12 00:10:43.851
180,train,A,0,N_86,3305,2022-07-12 00:10:45.451
181,train,A,0,N_87,3322,2022-07-12 00:10:51.896
182,train,A,0,N_89,3357,2022-07-12 00:11:09.294
183,train,A,0,N_89,3373,2022-07-12 00:11:10.894
184,train,A,0,N_89,3389,2022-07-12 00:11:12.494
185,train,A,0,N_90,3407,2022-07-12 00:11:16.040
186,train,A,0,N_90,3423,2022-07-12 00:11:17.640
187,train,A,0,N_90,3439,2022-07-12 00:11:19.240
188,train,A,0,N_91,3456,2022-07-12 00:11:24.056
189,train,A,0,N_91,3472,2022-07-12 00:11:25.656
190,train,A,0,N_92,3492,2022-07-12 00:11:32.266
191,train,A,0,N_94,3523,2022-07-12 00:11:49.526
192,train,A,0,N_94,3539,2022-07-12 00:11:51.126
193,train,A,0,N_94,3555,2022-07-12 00:11:52.726
194,train,A,0,N_95,3573,2022-07-12 00:11:56.244
195,train,A,0,N_95,3589,2022-07-12 00:11:57.844
196,train,A,0,N_95,3605,2022-07-12 00:11:59.444
197,train,A,0,N_96,3623,2022-07-12 00:12:04.143
198,train,A,0,N_96,3639,2022-07-12 00:12:05.743
199,train,A,0,N_97,3661,2022-07-12 00:12:12.164
200,train,A,0,N_98,3686,2022-07-12 00:12:20.177
201,train,A,0,N_100,3722,2022-07-12 00:12:38.192
202,train,A,0,N_100,3738,2022-07-12 00:12:39.792
203,train,A,0,N_100,3754,2022-07-12 00:12:41.392
204,train,A,0,N_101,3772,2022-07-12 00:12:44.747
205,train,A,0,N_101,3788,2022-07-12 00:12:46.347
206,train,A,0,N_101,3804,2022-07-12 00:12:47.947
207,train,A,0,N_102,3822,2022-07-12 00:12:52.064
208,train,A,0,N_102,3838,2022-07-12 00:12:53.664
209,train,A,0,N_103,3867,2022-07-12 00:13:00.089
210,train,A,0,N_103,3883,2022-07-12 00:13:01.689
211,train,A,0,N_104,3901,2022-07-12 00:13:07.971
212,train,A,0,N_104,3917,2022-07-12 00:13:09.571
213,train,A,0,N_105,3935,2022-07-12 00:13:15.873
214,train,A,0,N_107,3966,2022-07-12 00:13:33.336
215,train,A,0,N_107,3982,2022-07-12 00:13:34.936
216,train,A,0,N_107,3998,2022-07-12 00:13:36.536
217,train,A,0,N_108,4016,2022-07-12 00:13:39.886
218,train,A,0,N_108,4032,2022-07-12 00:13:41.486
219,train,A,0,N_108,4048,2022-07-12 00:13:43.086
220,train,A,0,N_109,4066,2022-07-12 00:13:47.957
221,train,A,0,N_109,4082,2022-07-12 00:13:49.557
222,train,A,0,N_110,4103,2022-07-12 00:13:55.976
223,train,A,0,N_112,4136,2022-07-12 00:14:13.584
224,train,A,0,N_112,4152,2022-07-12 00:14:15.184
225,train,A,0,N_112,4168,2022-07-12 00:14:16.784
226,train,A,0,N_113,4186,2022-07-12 00:14:20.310
227,train,A,0,N_113,4202,2022-07-12 00:14:21.910
228,train,A,0,N_113,4218,2022-07-12 00:14:23.510
229,train,A,0,N_114,4236,2022-07-12 00:14:27.908
230,train,A,0,N_114,4252,2022-07-12 00:14:29.508
231,train,A,0,N_115,4276,2022-07-12 00:14:35.936
232,train,A,0,N_116,4303,2022-07-12 00:14:43.837
233,train,A,0,N_117,4330,2022-07-12 00:14:51.621
234,train,A,0,N_119,4349,2022-07-12 00:15:01.577
235,train,A,0,N_119,4365,2022-07-12 00:15:03.177
236,train,A,0,N_119,4381,2022-07-12 00:15:04.777
237,train,A,0,N_120,4399,2022-07-12 00:15:08.384
238,train,A,0,N_120,4415,2022-07-12 00:15:09.984
239,train,A,0,N_120,4431,2022-07-12 00:15:11.584
240,train,A,0,N_121,4449,2022-07-12 00:15:15.740
241,train,A,0,N_121,4465,2022-07-12 00:15:17.340
242,train,A,0,N_122,4491,2022-07-12 00:15:23.669
243,train,A,0,N_123,4520,2022-07-12 00:15:31.742
244,train,A,0,N_125,4545,2022-07-12 00:15:41.948
245,train,A,0,N_125,4561,2022-07-12 00:15:43.548
246,train,A,0,N_125,4577,2022-07-12 00:15:45.148
247,train,A,0,N_126,4595,2022-07-12 00:15:48.726
248,train,A,0,N_126,4611,2022-07-12 00:15:50.326
249,train,A,0,N_126,4627,2022-07-12 00:15:51.926
250,train,A,0,N_127,4645,2022-07-12 00:15:55.785
251,train,A,0,N_127,4661,2022-07-12 00:15:57.385
252,train,A,0,N_127,4677,2022-07-12 00:15:58.985
253,train,A,0,N_128,4693,2022-07-12 00:16:03.804
254,train,A,0,N_128,4709,2022-07-12 00:16:05.404
255,train,A,0,N_129,4729,2022-07-12 00:16:11.955
256,train,A,0,N_131,4756,2022-07-12 00:16:29.364
257,train,A,0,N_131,4772,2022-07-12 00:16:30.964
258,train,A,0,N_131,4788,2022-07-12 00:16:32.564
259,train,A,0,N_132,4806,2022-07-12 00:16:36.267
260,train,A,0,N_132,4822,2022-07-12 00:16:37.867
261,train,A,0,N_132,4838,2022-07-12 00:16:39.467
262,train,A,0,N_133,4855,2022-07-12 00:16:44.325
263,train,A,0,N_133,4871,2022-07-12 00:16:45.925
264,train,A,0,N_134,4890,2022-07-12 00:16:52.351
265,train,A,0,N_136,4921,2022-07-12 00:17:09.540
266,train,A,0,N_136,4937,2022-07-12 00:17:11.140
267,train,A,0,N_136,4953,2022-07-12 00:17:12.740
268,train,A,0,N_137,4971,2022-07-12 00:17:16.447
269,train,A,0,N_137,4987,2022-07-12 00:17:18.047
270,train,A,0,N_137,5003,2022-07-12 00:17:19.647
271,train,A,0,N_138,5019,2022-07-12 00:17:24.527
272,train,A,0,N_138,5035,2022-07-12 00:17:26.127
273,train,A,0,N_138,5051,2022-07-12 00:17:27.727
274,train,A,0,N_139,5067,2022-07-12 00:17:32.480
275,train,A,0,N_139,5083,2022-07-12 00:17:34.080
276,train,A,0,N_140,5102,2022-07-12 00:17:40.504
277,train,A,0,N_144,5141,2022-07-12 00:18:06.304
278,train,A,0,N_144,5157,2022-07-12 00:18:07.904
279,train,A,0,N_144,5173,2022-07-12 00:18:09.504
280,train,A,0,N_145,5191,2022-07-12 00:18:13.063
281,train,A,0,N_145,5207,2022-07-12 00:18:14.663
282,train,A,0,N_145,5223,2022-07-12 00:18:16.263
283,train,A,0,N_146,5241,2022-07-12 00:18:20.724
284,train,A,0,N_146,5257,2022-07-12 00:18:22.324
285,train,A,0,N_147,5281,2022-07-12 00:18:28.872
286,train,A,0,N_148,5307,2022-07-12 00:18:36.700
287,train,A,0,N_152,5354,2022-07-12 00:19:09.428
288,train,A,0,N_152,5370,2022-07-12 00:19:11.028
289,train,A,0,N_152,5386,2022-07-12 00:19:12.628
290,train,A,0,N_153,5404,2022-07-12 00:19:17.374
291,train,A,0,N_153,5420,2022-07-12 00:19:18.974
292,train,A,0,N_153,5436,2022-07-12 00:19:20.574
293,train,A,0,N_154,5454,2022-07-12 00:19:24.471
294,train,A,0,N_154,5470,2022-07-12 00:19:26.071
295,train,A,0,N_155,5501,2022-07-12 00:19:32.476
296,train,A,0,N_155,5517,2022-07-12 00:19:34.076
297,train,A,0,N_156,5535,2022-07-12 00:19:40.568
298,train,A,0,N_158,5560,2022-07-12 00:19:57.844
299,train,A,0,N_158,5576,2022-07-12 00:19:59.444
300,train,A,0,N_158,5592,2022-07-12 00:20:01.044
301,train,A,0,N_159,5610,2022-07-12 00:20:04.636
302,train,A,0,N_159,5626,2022-07-12 00:20:06.236
303,train,A,0,N_159,5642,2022-07-12 00:20:07.836
304,train,A,0,N_160,5660,2022-07-12 00:20:12.569
305,train,A,0,N_160,5676,2022-07-12 00:20:14.169
306,train,A,0,N_161,5698,2022-07-12 00:20:20.537
307,train,A,0,N_164,5739,2022-07-12 00:20:45.131
308,train,A,0,N_164,5755,2022-07-12 00:20:46.731
309,train,A,0,N_164,5771,2022-07-12 00:20:48.331
310,train,A,0,N_165,5789,2022-07-12 00:20:52.436
311,train,A,0,N_165,5805,2022-07-12 00:20:54.036
312,train,A,0,N_166,5832,2022-07-12 00:21:00.416
313,train,A,0,N_166,5848,2022-07-12 00:21:02.016
314,train,A,0,N_167,5864,2022-07-12 00:21:08.408
315,train,A,0,N_169,5890,2022-07-12 00:21:25.804
316,train,A,0,N_169,5906,2022-07-12 00:21:27.404
317,train,A,0,N_169,5922,2022-07-12 00:21:29.004
318,train,A,0,N_170,5940,2022-07-12 00:21:33.358
319,train,A,0,N_170,5956,2022-07-12 00:21:34.958
320,train,A,0,N_171,5982,2022-07-12 00:21:41.500
321,train,A,0,N_172,6009,2022-07-12 00:21:49.428
322,train,A,0,N_175,6052,2022-07-12 00:22:07.078
323,train,A,0,N_175,6068,2022-07-12 00:22:08.678
324,train,A,0,N_175,6084,2022-07-12 00:22:10.278
325,train,A,0,N_176,6102,2022-07-12 00:22:13.849
326,train,A,0,N_176,6118,2022-07-12 00:22:15.449
327,train,A,0,N_176,6134,2022-07-12 00:22:17.049
328,train,A,0,N_177,6152,2022-07-12 00:22:21.169
329,train,A,0,N_177,6168,2022-07-12 00:22:22.769
330,train,A,0,N_178,6198,2022-07-12 00:22:29.076
331,train,A,0,N_178,6214,2022-07-12 00:22:30.676
332,train,A,0,N_179,6230,2022-07-12 00:22:37.072
333,train,A,0,N_181,6257,2022-07-12 00:22:53.936
334,train,A,0,N_181,6273,2022-07-12 00:22:55.536
335,train,A,0,N_181,6289,2022-07-12 00:22:57.136
336,train,A,0,N_182,6307,2022-07-12 00:23:01.103
337,train,A,0,N_182,6323,2022-07-12 00:23:02.703
338,train,A,0,N_183,6354,2022-07-12 00:23:09.220
339,train,A,0,N_183,6370,2022-07-12 00:23:10.820
340,train,A,0,N_184,6386,2022-07-12 00:23:17.204
341,train,A,0,N_184,6402,2022-07-12 00:23:18.804
342,train,A,0,N_185,6419,2022-07-12 00:23:25.144
343,train,A,0,N_187,6450,2022-07-12 00:23:42.270
344,train,A,0,N_187,6466,2022-07-12 00:23:43.870
345,train,A,0,N_187,6482,2022-07-12 00:23:45.470
346,train,A,0,N_188,6500,2022-07-12 00:23:48.975
347,train,A,0,N_188,6516,2022-07-12 00:23:50.575
348,train,A,0,N_188,6532,2022-07-12 00:23:52.175
349,train,A,0,N_189,6550,2022-07-12 00:23:56.987
350,train,A,0,N_189,6566,2022-07-12 00:23:58.587
351,train,A,0,N_190,6586,2022-07-12 00:24:04.940
352,train,A,0,N_192,6624,2022-07-12 00:24:22.654
353,train,A,0,N_192,6640,2022-07-12 00:24:24.254
354,train,A,0,N_192,6656,2022-07-12 00:24:25.854
355,train,A,0,N_193,6674,2022-07-12 00:24:29.596
356,train,A,0,N_193,6690,2022-07-12 00:24:31.196
357,train,A,0,N_193,6706,2022-07-12 00:24:32.796
358,train,A,0,N_194,6724,2022-07-12 00:24:37.006
359,train,A,0,N_194,6740,2022-07-12 00:24:38.606
360,train,A,0,N_195,6766,2022-07-12 00:24:45.075
361,train,A,0,N_196,6795,2022-07-12 00:24:53.136
362,train,A,0,N_198,6819,2022-07-12 00:25:10.148
363,train,A,0,N_198,6835,2022-07-12 00:25:11.748
364,train,A,0,N_198,6851,2022-07-12 00:25:13.348
365,train,A,0,N_199,6869,2022-07-12 00:25:17.084
366,train,A,0,N_199,6885,2022-07-12 00:25:18.684
367,train,A,0,N_199,6901,2022-07-12 00:25:20.284
368,train,A,0,N_200,6918,2022-07-12 00:25:25.093
369,train,A,0,N_200,6934,2022-07-12 00:25:26.693
370,train,A,0,N_201,6951,2022-07-12 00:25:33.044
371,train,A,0,N_203,6981,2022-07-12 00:25:50.128
372,train,A,0,N_203,6997,2022-07-12 00:25:51.728
373,train,A,0,N_203,7013,2022-07-12 00:25:53.328
374,train,A,0,N_204,7031,2022-07-12 00:25:57.187
375,train,A,0,N_204,7047,2022-07-12 00:25:58.787
376,train,A,0,N_204,7063,2022-07-12 00:26:00.387
377,train,A,0,N_205,7079,2022-07-12 00:26:05.260
378,train,A,0,N_205,7095,2022-07-12 00:26:06.860
379,train,A,0,N_206,7112,2022-07-12 00:26:13.208
380,train,A,0,N_209,7157,2022-07-12 00:26:31.913
381,train,A,0,N_209,7173,2022-07-12 00:26:33.513
382,train,A,0,N_209,7189,2022-07-12 00:26:35.113
383,train,A,0,N_210,7207,2022-07-12 00:26:38.648
384,train,A,0,N_210,7223,2022-07-12 00:26:40.248
385,train,A,0,N_210,7239,2022-07-12 00:26:41.848
386,train,A,0,N_211,7257,2022-07-12 00:26:45.464
387,train,A,0,N_211,7273,2022-07-12 00:26:47.064
388,train,A,0,N_211,7289,2022-07-12 00:26:48.664
389,train,A,0,N_212,7307,2022-07-12 00:26:53.334
390,train,A,0,N_212,7323,2022-07-12 00:26:54.934
391,train,A,0,N_213,7345,2022-07-12 00:27:01.423
392,train,A,0,N_216,7390,2022-07-12 00:27:27.011
393,train,A,0,N_216,7406,2022-07-12 00:27:28.611
394,train,A,0,N_216,7422,2022-07-12 00:27:30.211
395,train,A,0,N_217,7440,2022-07-12 00:27:33.464
396,train,A,0,N_217,7456,2022-07-12 00:27:35.064
397,train,A,0,N_217,7472,2022-07-12 00:27:36.664
398,train,A,0,N_218,7490,2022-07-12 00:27:41.443
399,train,A,0,N_218,7506,2022-07-12 00:27:43.043
400,train,A,0,N_219,7528,2022-07-12 00:27:49.507
401,train,A,0,N_221,7566,2022-07-12 00:28:07.313
402,train,A,0,N_221,7582,2022-07-12 00:28:08.913
403,train,A,0,N_221,7598,2022-07-12 00:28:10.513
404,train,A,0,N_222,7616,2022-07-12 00:28:14.008
405,train,A,0,N_222,7632,2022-07-12 00:28:15.608
406,train,A,0,N_222,7648,2022-07-12 00:28:17.208
407,train,A,0,N_223,7666,2022-07-12 00:28:21.540
408,train,A,0,N_223,7682,2022-07-12 00:28:23.140
409,train,A,0,N_224,7706,2022-07-12 00:28:29.532
410,train,A,0,N_227,7752,2022-07-12 00:28:54.024
411,train,A,0,N_227,7768,2022-07-12 00:28:55.624
412,train,A,0,N_227,7784,2022-07-12 00:28:57.224
413,train,A,0,N_228,7802,2022-07-12 00:29:02.224
414,train,A,0,N_228,7818,2022-07-12 00:29:03.824
415,train,A,0,N_228,7834,2022-07-12 00:29:05.424
416,train,A,0,N_229,7852,2022-07-12 00:29:09.592
417,train,A,0,N_229,7868,2022-07-12 00:29:11.192
418,train,A,0,N_230,7895,2022-07-12 00:29:17.574
419,train,A,0,N_230,7911,2022-07-12 00:29:19.174
420,train,A,0,N_231,7927,2022-07-12 00:29:25.707
421,train,A,0,N_233,7947,2022-07-12 00:29:35.745
422,train,A,0,N_233,7963,2022-07-12 00:29:37.345
423,train,A,0,N_233,7979,2022-07-12 00:29:38.945
424,train,A,0,N_234,7997,2022-07-12 00:29:42.284
425,train,A,0,N_234,8013,2022-07-12 00:29:43.884
426,train,A,0,N_234,8029,2022-07-12 00:29:45.484
427,train,A,0,N_235,8047,2022-07-12 00:29:50.008
428,train,A,0,N_235,8063,2022-07-12 00:29:51.608
429,train,A,0,N_236,8088,2022-07-12 00:29:58.044
430,train,A,0,N_239,8132,2022-07-12 00:30:15.875
431,train,A,0,N_239,8148,2022-07-12 00:30:17.475
432,train,A,0,N_239,8164,2022-07-12 00:30:19.075
433,train,A,0,N_240,8182,2022-07-12 00:30:22.688
434,train,A,0,N_240,8198,2022-07-12 00:30:24.288
435,train,A,0,N_240,8214,2022-07-12 00:30:25.888
436,train,A,0,N_241,8232,2022-07-12 00:30:29.999
437,train,A,0,N_241,8248,2022-07-12 00:30:31.599
438,train,A,0,N_242,8275,2022-07-12 00:30:38.043
439,train,A,0,N_243,8304,2022-07-12 00:30:46.032
440,train,A,0,N_245,8326,2022-07-12 00:31:02.945
441,train,A,0,N_245,8342,2022-07-12 00:31:04.545
442,train,A,0,N_245,8358,2022-07-12 00:31:06.145
443,train,A,0,N_246,8376,2022-07-12 00:31:10.998
444,train,A,0,N_246,8392,2022-07-12 00:31:12.598
445,train,A,0,N_246,8408,2022-07-12 00:31:14.198
446,train,A,0,N_247,8426,2022-07-12 00:31:17.932
447,train,A,0,N_247,8442,2022-07-12 00:31:19.532
448,train,A,0,N_247,8458,2022-07-12 00:31:21.132
449,train,A,0,N_248,8476,2022-07-12 00:31:25.907
450,train,A,0,N_248,8492,2022-07-12 00:31:27.507
451,train,A,0,N_249,8511,2022-07-12 00:31:33.901
452,train,A,0,N_251,8543,2022-07-12 00:31:51.200
453,train,A,0,N_251,8559,2022-07-12 00:31:52.800
454,train,A,0,N_251,8575,2022-07-12 00:31:54.400
455,train,A,0,N_252,8593,2022-07-12 00:31:58.020
456,train,A,0,N_252,8609,2022-07-12 00:31:59.620
457,train,A,0,N_252,8625,2022-07-12 00:32:01.220
458,train,A,0,N_253,8643,2022-07-12 00:32:05.948
459,train,A,0,N_253,8659,2022-07-12 00:32:07.548
460,train,A,0,N_254,8681,2022-07-12 00:32:13.976
461,train,A,0,N_257,8727,2022-07-12 00:32:38.608
462,train,A,0,N_257,8743,2022-07-12 00:32:40.208
463,train,A,0,N_257,8759,2022-07-12 00:32:41.808
464,train,A,0,N_258,8777,2022-07-12 00:32:45.771
465,train,A,0,N_258,8793,2022-07-12 00:32:47.371
466,train,A,0,N_259,8822,2022-07-12 00:32:53.644
467,train,A,0,N_259,8838,2022-07-12 00:32:55.244
468,train,A,0,N_260,8854,2022-07-12 00:33:01.594
469,train,A,0,N_261,8873,2022-07-12 00:33:09.576
470,train,A,0,N_264,8911,2022-07-12 00:33:34.840
471,train,A,0,N_264,8927,2022-07-12 00:33:36.440
472,train,A,0,N_264,8943,2022-07-12 00:33:38.040
473,train,A,0,N_265,8961,2022-07-12 00:33:41.534
474,train,A,0,N_265,8977,2022-07-12 00:33:43.134
475,train,A,0,N_265,8993,2022-07-12 00:33:44.734
476,train,A,0,N_266,9011,2022-07-12 00:33:49.428
477,train,A,0,N_266,9027,2022-07-12 00:33:51.028
478,train,A,0,N_267,9050,2022-07-12 00:33:57.398
479,train,A,0,N_270,9095,2022-07-12 00:34:15.359
480,train,A,0,N_270,9111,2022-07-12 00:34:16.959
481,train,A,0,N_270,9127,2022-07-12 00:34:18.559
482,train,A,0,N_271,9145,2022-07-12 00:34:21.987
483,train,A,0,N_271,9161,2022-07-12 00:34:23.587
484,train,A,0,N_271,9177,2022-07-12 00:34:25.187
485,train,A,0,N_272,9195,2022-07-12 00:34:29.244
486,train,A,0,N_272,9211,2022-07-12 00:34:30.844
487,train,A,0,N_273,9238,2022-07-12 00:34:37.168
488,train,A,0,N_273,9254,2022-07-12 00:34:38.768
489,train,A,0,N_274,9283,2022-07-12 00:34:45.928
490,train,A,0,N_274,9299,2022-07-12 00:34:47.528
491,train,A,0,N_274,9315,2022-07-12 00:34:49.128
492,train,A,0,N_275,9333,2022-07-12 00:34:53.056
493,train,A,0,N_275,9349,2022-07-12 00:34:54.656
494,train,A,0,N_276,9380,2022-07-12 00:35:01.171
495,train,A,0,N_276,9396,2022-07-12 00:35:02.771
496,train,A,0,N_277,9412,2022-07-12 00:35:09.147
497,train,A,0,N_280,9449,2022-07-12 00:35:34.214
498,train,A,0,N_280,9465,2022-07-12 00:35:35.814
499,train,A,0,N_280,9481,2022-07-12 00:35:37.414
500,train,A,0,N_281,9499,2022-07-12 00:35:41.235
501,train,A,0,N_281,9515,2022-07-12 00:35:42.835
502,train,A,0,N_281,9531,2022-07-12 00:35:44.435
503,train,A,0,N_282,9547,2022-07-12 00:35:49.315
504,train,A,0,N_282,9563,2022-07-12 00:35:50.915
505,train,A,0,N_283,9580,2022-07-12 00:35:57.296
506,train,A,0,N_285,9612,2022-07-12 00:36:07.998
507,train,A,0,N_285,9628,2022-07-12 00:36:09.598
508,train,A,0,N_285,9644,2022-07-12 00:36:11.198
509,train,A,0,N_286,9662,2022-07-12 00:36:14.644
510,train,A,0,N_286,9678,2022-07-12 00:36:16.244
511,train,A,0,N_286,9694,2022-07-12 00:36:17.844
512,train,A,0,N_287,9712,2022-07-12 00:36:21.560
513,train,A,0,N_287,9728,2022-07-12 00:36:23.160
514,train,A,0,N_287,9744,2022-07-12 00:36:24.760
515,train,A,0,N_288,9762,2022-07-12 00:36:29.468
516,train,A,0,N_288,9778,2022-07-12 00:36:31.068
517,train,A,0,N_289,9798,2022-07-12 00:36:37.428
518,train,A,0,N_292,9836,2022-07-12 00:36:55.156
519,train,A,0,N_292,9852,2022-07-12 00:36:56.756
520,train,A,0,N_292,9868,2022-07-12 00:36:58.356
521,train,A,0,N_293,9886,2022-07-12 00:37:02.032
522,train,A,0,N_293,9902,2022-07-12 00:37:03.632
523,train,A,0,N_293,9918,2022-07-12 00:37:05.232
524,train,A,0,N_294,9936,2022-07-12 00:37:09.360
525,train,A,0,N_294,9952,2022-07-12 00:37:10.960
526,train,A,0,N_295,9978,2022-07-12 00:37:17.426
527,train,A,0,N_296,10007,2022-07-12 00:37:25.356
528,train,A,0,N_298,10035,2022-07-12 00:37:42.318
529,train,A,0,N_298,10051,2022-07-12 00:37:43.918
530,train,A,0,N_298,10067,2022-07-12 00:37:45.518
531,val,A,0,N_299,10085,2022-07-12 00:37:49.246
532,val,A,0,N_299,10101,2022-07-12 00:37:50.846
533,val,A,0,N_299,10117,2022-07-12 00:37:52.446
534,val,A,0,N_300,10133,2022-07-12 00:37:57.236
535,val,A,0,N_300,10149,2022-07-12 00:37:58.836
536,val,A,0,N_301,10169,2022-07-12 00:38:05.247
537,val,A,0,N_303,10198,2022-07-12 00:38:22.496
538,val,A,0,N_303,10214,2022-07-12 00:38:24.096
539,val,A,0,N_303,10230,2022-07-12 00:38:25.696
540,val,A,0,N_304,10248,2022-07-12 00:38:29.302
541,val,A,0,N_304,10264,2022-07-12 00:38:30.902
542,val,A,0,N_304,10280,2022-07-12 00:38:32.502
543,val,A,0,N_305,10298,2022-07-12 00:38:37.296
544,val,A,0,N_305,10314,2022-07-12 00:38:38.896
545,val,A,0,N_306,10336,2022-07-12 00:38:45.418
546,val,A,0,N_306,10352,2022-07-12 00:38:47.018
547,val,A,0,N_307,10371,2022-07-12 00:38:53.456
548,val,A,0,N_309,10403,2022-07-12 00:39:10.908
549,val,A,0,N_309,10419,2022-07-12 00:39:12.508
550,val,A,0,N_309,10435,2022-07-12 00:39:14.108
551,val,A,0,N_310,10453,2022-07-12 00:39:17.687
552,val,A,0,N_310,10469,2022-07-12 00:39:19.287
553,val,A,0,N_310,10485,2022-07-12 00:39:20.887
554,val,A,0,N_311,10503,2022-07-12 00:39:25.531
555,val,A,0,N_311,10519,2022-07-12 00:39:27.131
556,val,A,0,N_312,10541,2022-07-12 00:39:33.471
557,val,A,0,N_313,10565,2022-07-12 00:39:41.284
558,val,A,0,N_315,10583,2022-07-12 00:39:51.184
559,val,A,0,N_315,10599,2022-07-12 00:39:52.784
560,val,A,0,N_315,10615,2022-07-12 00:39:54.384
561,val,A,0,N_316,10633,2022-07-12 00:39:57.839
562,val,A,0,N_316,10649,2022-07-12 00:39:59.439
563,val,A,0,N_316,10665,2022-07-12 00:40:01.039
564,val,A,0,N_317,10683,2022-07-12 00:40:05.260
565,val,A,0,N_317,10699,2022-07-12 00:40:06.860
566,val,A,0,N_318,10725,2022-07-12 00:40:13.200
567,val,A,0,N_319,10756,2022-07-12 00:40:21.200
568,val,A,0,N_322,10778,2022-07-12 00:40:39.236
569,val,A,0,N_322,10794,2022-07-12 00:40:40.836
570,val,A,0,N_322,10810,2022-07-12 00:40:42.436
571,val,A,0,N_323,10828,2022-07-12 00:40:45.865
572,val,A,0,N_323,10844,2022-07-12 00:40:47.465
573,val,A,0,N_323,10860,2022-07-12 00:40:49.065
574,val,A,0,N_324,10878,2022-07-12 00:40:53.176
575,val,A,0,N_324,10894,2022-07-12 00:40:54.776
576,val,A,0,N_325,10922,2022-07-12 00:41:01.166
577,val,A,0,N_326,10952,2022-07-12 00:41:09.181
578,val,A,0,N_328,10974,2022-07-12 00:41:19.199
579,val,A,0,N_328,10990,2022-07-12 00:41:20.799
580,val,A,0,N_328,11006,2022-07-12 00:41:22.399
581,val,A,0,N_329,11024,2022-07-12 00:41:25.865
582,val,A,0,N_329,11040,2022-07-12 00:41:27.465
583,val,A,0,N_329,11056,2022-07-12 00:41:29.065
584,val,A,0,N_330,11074,2022-07-12 00:41:33.240
585,val,A,0,N_330,11090,2022-07-12 00:41:34.840
586,val,A,0,N_331,11116,2022-07-12 00:41:41.292
587,val,A,0,N_334,11162,2022-07-12 00:42:06.134
588,val,A,0,N_334,11178,2022-07-12 00:42:07.734
589,val,A,0,N_334,11194,2022-07-12 00:42:09.334
590,val,A,0,N_335,11212,2022-07-12 00:42:13.314
591,val,A,0,N_335,11228,2022-07-12 00:42:14.914
592,val,A,0,N_336,11257,2022-07-12 00:42:21.316
593,val,A,0,N_336,11273,2022-07-12 00:42:22.916
594,val,A,0,N_337,11291,2022-07-12 00:42:29.388
595,val,A,0,N_337,11307,2022-07-12 00:42:30.988
596,val,A,0,N_338,11323,2022-07-12 00:42:37.291
597,val,A,0,N_340,11349,2022-07-12 00:42:47.528
598,val,A,0,N_340,11365,2022-07-12 00:42:49.128
599,val,A,0,N_340,11381,2022-07-12 00:42:50.728
600,val,A,0,N_341,11399,2022-07-12 00:42:54.375
601,val,A,0,N_341,11415,2022-07-12 00:42:55.975
602,val,A,0,N_341,11431,2022-07-12 00:42:57.575
603,val,A,0,N_342,11449,2022-07-12 00:43:01.514
604,val,A,0,N_342,11465,2022-07-12 00:43:03.114
605,val,A,0,N_343,11494,2022-07-12 00:43:09.436
606,val,A,0,N_343,11510,2022-07-12 00:43:11.036
607,val,A,0,N_344,11528,2022-07-12 00:43:17.444
608,val,A,0,N_347,11566,2022-07-12 00:43:35.064
609,val,A,0,N_347,11582,2022-07-12 00:43:36.664
610,val,A,0,N_347,11598,2022-07-12 00:43:38.264
611,val,A,0,N_348,11616,2022-07-12 00:43:41.601
612,val,A,0,N_348,11632,2022-07-12 00:43:43.201
613,val,A,0,N_348,11648,2022-07-12 00:43:44.801
614,val,A,0,N_349,11666,2022-07-12 00:43:49.346
615,val,A,0,N_349,11682,2022-07-12 00:43:50.946
616,val,A,0,N_350,11707,2022-07-12 00:43:57.268
617,val,A,0,N_351,11735,2022-07-12 00:44:05.295
618,val,A,0,N_353,11758,2022-07-12 00:44:15.484
619,val,A,0,N_353,11774,2022-07-12 00:44:17.084
620,val,A,0,N_353,11790,2022-07-12 00:44:18.684
621,val,A,0,N_354,11808,2022-07-12 00:44:22.158
622,val,A,0,N_354,11824,2022-07-12 00:44:23.758
623,val,A,0,N_354,11840,2022-07-12 00:44:25.358
624,val,A,0,N_355,11858,2022-07-12 00:44:29.332
625,val,A,0,N_355,11874,2022-07-12 00:44:30.932
626,val,A,0,N_356,11904,2022-07-12 00:44:37.312
627,val,A,0,N_356,11920,2022-07-12 00:44:38.912
628,val,A,0,N_357,11936,2022-07-12 00:44:45.286
629,val,A,0,N_359,11963,2022-07-12 00:45:02.356
630,val,A,0,N_359,11979,2022-07-12 00:45:03.956
631,val,A,0,N_359,11995,2022-07-12 00:45:05.556
632,val,A,0,N_360,12013,2022-07-12 00:45:10.440
633,val,A,0,N_360,12029,2022-07-12 00:45:12.040
634,val,A,0,N_360,12045,2022-07-12 00:45:13.640
635,val,A,0,N_361,12063,2022-07-12 00:45:17.244
636,val,A,0,N_361,12079,2022-07-12 00:45:18.844
637,val,A,0,N_361,12095,2022-07-12 00:45:20.444
638,val,A,0,N_362,12113,2022-07-12 00:45:25.336
639,val,A,0,N_362,12129,2022-07-12 00:45:26.936
640,val,A,0,N_363,12147,2022-07-12 00:45:33.352
641,val,A,0,N_365,12177,2022-07-12 00:45:50.892
642,val,A,0,N_365,12193,2022-07-12 00:45:52.492
643,val,A,0,N_365,12209,2022-07-12 00:45:54.092
644,val,A,0,N_366,12227,2022-07-12 00:45:57.561
645,val,A,0,N_366,12243,2022-07-12 00:45:59.161
646,val,A,0,N_366,12259,2022-07-12 00:46:00.761
647,val,A,0,N_367,12277,2022-07-12 00:46:05.548
648,val,A,0,N_367,12293,2022-07-12 00:46:07.148
649,val,A,0,N_368,12314,2022-07-12 00:46:13.485
650,val,A,0,N_371,12357,2022-07-12 00:46:31.584
651,val,A,0,N_371,12373,2022-07-12 00:46:33.184
652,val,A,0,N_371,12389,2022-07-12 00:46:34.784
653,val,A,0,N_372,12407,2022-07-12 00:46:38.256
654,val,A,0,N_372,12423,2022-07-12 00:46:39.856
655,val,A,0,N_372,12439,2022-07-12 00:46:41.456
656,val,A,0,N_373,12457,2022-07-12 00:46:45.658
657,val,A,0,N_373,12473,2022-07-12 00:46:47.258
658,val,A,0,N_374,12500,2022-07-12 00:46:53.743
659,val,A,0,N_375,12530,2022-07-12 00:47:01.644
660,val,A,0,N_377,12557,2022-07-12 00:47:11.896
661,val,A,0,N_377,12573,2022-07-12 00:47:13.496
662,val,A,0,N_377,12589,2022-07-12 00:47:15.096
663,val,A,0,N_378,12607,2022-07-12 00:47:18.491
664,val,A,0,N_378,12623,2022-07-12 00:47:20.091
665,val,A,0,N_378,12639,2022-07-12 00:47:21.691
666,val,A,0,N_379,12657,2022-07-12 00:47:25.788
667,val,A,0,N_379,12673,2022-07-12 00:47:27.388
668,val,A,0,N_380,12700,2022-07-12 00:47:33.787
669,val,A,0,N_383,12743,2022-07-12 00:47:59.731
670,val,A,0,N_383,12759,2022-07-12 00:48:01.331
671,val,A,0,N_383,12775,2022-07-12 00:48:02.931
672,val,A,0,N_384,12793,2022-07-12 00:48:06.559
673,val,A,0,N_384,12809,2022-07-12 00:48:08.159
674,val,A,0,N_384,12825,2022-07-12 00:48:09.759
675,val,A,0,N_385,12843,2022-07-12 00:48:14.176
676,val,A,0,N_385,12859,2022-07-12 00:48:15.776
677,val,A,0,N_386,12883,2022-07-12 00:48:22.150
678,val,A,0,N_387,12911,2022-07-12 00:48:30.056
679,val,A,0,N_389,12932,2022-07-12 00:48:40.145
680,val,A,0,N_389,12948,2022-07-12 00:48:41.745
681,val,A,0,N_389,12964,2022-07-12 00:48:43.345
682,val,A,0,N_390,12982,2022-07-12 00:48:46.796
683,val,A,0,N_390,12998,2022-07-12 00:48:48.396
684,val,A,0,N_390,13014,2022-07-12 00:48:49.996
685,val,A,0,N_391,13032,2022-07-12 00:48:54.584
686,val,A,0,N_391,13048,2022-07-12 00:48:56.184
687,val,A,0,N_392,13071,2022-07-12 00:49:02.714
688,val,A,0,N_395,13111,2022-07-12 00:49:27.367
689,val,A,0,N_395,13127,2022-07-12 00:49:28.967
690,val,A,0,N_395,13143,2022-07-12 00:49:30.567
691,val,A,0,N_396,13161,2022-07-12 00:49:34.708
692,val,A,0,N_396,13177,2022-07-12 00:49:36.308
693,val,A,0,N_397,13205,2022-07-12 00:49:42.699
694,val,A,0,N_397,13221,2022-07-12 00:49:44.299
695,val,A,0,N_398,13237,2022-07-12 00:49:50.587
696,val,A,0,N_400,13266,2022-07-12 00:50:15.827
697,val,A,0,N_400,13282,2022-07-12 00:50:17.427
698,val,A,0,N_400,13298,2022-07-12 00:50:19.027
699,val,A,0,N_401,13316,2022-07-12 00:50:22.836
700,val,A,0,N_401,13332,2022-07-12 00:50:24.436
701,val,A,0,N_402,13362,2022-07-12 00:50:30.952
702,val,A,0,N_402,13378,2022-07-12 00:50:32.552
703,val,A,0,N_403,13396,2022-07-12 00:50:38.906
704,val,A,0,N_405,13429,2022-07-12 00:50:56.424
705,val,A,0,N_405,13445,2022-07-12 00:50:58.024
706,val,A,0,N_405,13461,2022-07-12 00:50:59.624
707,test,A,0,N_406,13479,2022-07-12 00:51:03.048
708,test,A,0,N_406,13495,2022-07-12 00:51:04.648
709,test,A,0,N_406,13511,2022-07-12 00:51:06.248
710,test,A,0,N_407,13529,2022-07-12 00:51:10.863
711,test,A,0,N_407,13545,2022-07-12 00:51:12.463
712,test,A,0,N_408,13567,2022-07-12 00:51:18.948
713,test,A,0,N_410,13605,2022-07-12 00:51:36.856
714,test,A,0,N_410,13621,2022-07-12 00:51:38.456
715,test,A,0,N_410,13637,2022-07-12 00:51:40.056
716,test,A,0,N_411,13655,2022-07-12 00:51:43.448
717,test,A,0,N_411,13671,2022-07-12 00:51:45.048
718,test,A,0,N_411,13687,2022-07-12 00:51:46.648
719,test,A,0,N_412,13705,2022-07-12 00:51:51.236
720,test,A,0,N_412,13721,2022-07-12 00:51:52.836
721,test,A,0,N_413,13745,2022-07-12 00:51:59.201
722,test,A,0,N_417,13803,2022-07-12 00:52:32.972
723,test,A,0,N_417,13819,2022-07-12 00:52:34.572
724,test,A,0,N_417,13835,2022-07-12 00:52:36.172
725,test,A,0,N_418,13853,2022-07-12 00:52:39.609
726,test,A,0,N_418,13869,2022-07-12 00:52:41.209
727,test,A,0,N_418,13885,2022-07-12 00:52:42.809
728,test,A,0,N_419,13903,2022-07-12 00:52:47.696
729,test,A,0,N_419,13919,2022-07-12 00:52:49.296
730,test,A,0,N_420,13941,2022-07-12 00:52:55.616
731,test,A,0,N_422,13974,2022-07-12 00:53:13.056
732,test,A,0,N_422,13990,2022-07-12 00:53:14.656
733,test,A,0,N_422,14006,2022-07-12 00:53:16.256
734,test,A,0,N_423,14024,2022-07-12 00:53:19.759
735,test,A,0,N_423,14040,2022-07-12 00:53:21.359
736,test,A,0,N_423,14056,2022-07-12 00:53:22.959
737,test,A,0,N_424,14073,2022-07-12 00:53:27.876
738,test,A,0,N_424,14089,2022-07-12 00:53:29.476
739,test,A,0,N_425,14109,2022-07-12 00:53:35.908
740,test,A,0,N_427,14144,2022-07-12 00:53:53.254
741,test,A,0,N_427,14160,2022-07-12 00:53:54.854
742,test,A,0,N_427,14176,2022-07-12 00:53:56.454
743,test,A,0,N_428,14194,2022-07-12 00:54:00.003
744,test,A,0,N_428,14210,2022-07-12 00:54:01.603
745,test,A,0,N_428,14226,2022-07-12 00:54:03.203
746,test,A,0,N_429,14244,2022-07-12 00:54:07.775
747,test,A,0,N_429,14260,2022-07-12 00:54:09.375
748,test,A,0,N_430,14283,2022-07-12 00:54:15.782
749,test,A,0,N_431,14311,2022-07-12 00:54:23.963
750,test,A,0,N_433,14347,2022-07-12 00:54:41.336
751,test,A,0,N_433,14363,2022-07-12 00:54:42.936
752,test,A,0,N_433,14379,2022-07-12 00:54:44.536
753,test,A,0,N_434,14397,2022-07-12 00:54:48.044
754,test,A,0,N_434,14413,2022-07-12 00:54:49.644
755,test,A,0,N_434,14429,2022-07-12 00:54:51.244
756,test,A,0,N_435,14446,2022-07-12 00:54:56.093
757,test,A,0,N_435,14462,2022-07-12 00:54:57.693
758,test,A,0,N_436,14481,2022-07-12 00:55:04.088
759,test,A,0,N_438,14513,2022-07-12 00:55:21.168
760,test,A,0,N_438,14529,2022-07-12 00:55:22.768
761,test,A,0,N_438,14545,2022-07-12 00:55:24.368
762,test,A,0,N_439,14563,2022-07-12 00:55:28.258
763,test,A,0,N_439,14579,2022-07-12 00:55:29.858
764,test,A,0,N_439,14595,2022-07-12 00:55:31.458
765,test,A,0,N_440,14612,2022-07-12 00:55:36.468
766,test,A,0,N_440,14628,2022-07-12 00:55:38.068
767,test,A,0,N_441,14646,2022-07-12 00:55:44.751
768,test,A,0,N_443,14667,2022-07-12 00:56:02.752
769,test,A,0,N_443,14683,2022-07-12 00:56:04.352
770,test,A,0,N_443,14699,2022-07-12 00:56:05.952
771,test,A,0,N_444,14717,2022-07-12 00:56:09.664
772,test,A,0,N_444,14733,2022-07-12 00:56:11.264
773,test,A,0,N_444,14749,2022-07-12 00:56:12.864
774,test,A,0,N_445,14767,2022-07-12 00:56:16.827
775,test,A,0,N_445,14783,2022-07-12 00:56:18.427
776,test,A,0,N_446,14811,2022-07-12 00:56:24.832
777,test,A,0,N_447,14842,2022-07-12 00:56:32.839
778,test,A,0,N_449,14870,2022-07-12 00:56:49.884
779,test,A,0,N_449,14886,2022-07-12 00:56:51.484
780,test,A,0,N_449,14902,2022-07-12 00:56:53.084
781,test,A,0,N_450,14920,2022-07-12 00:56:56.793
782,test,A,0,N_450,14936,2022-07-12 00:56:58.393
783,test,A,0,N_450,14952,2022-07-12 00:56:59.993
784,test,A,0,N_451,14968,2022-07-12 00:57:04.747
785,test,A,0,N_451,14984,2022-07-12 00:57:06.347
786,test,A,0,N_452,15005,2022-07-12 00:57:12.712
787,test,A,0,N_454,15040,2022-07-12 00:57:30.180
788,test,A,0,N_454,15056,2022-07-12 00:57:31.780
789,test,A,0,N_454,15072,2022-07-12 00:57:33.380
790,test,A,0,N_455,15090,2022-07-12 00:57:36.947
791,test,A,0,N_455,15106,2022-07-12 00:57:38.547
792,test,A,0,N_455,15122,2022-07-12 00:57:40.147
793,test,A,0,N_456,15140,2022-07-12 00:57:44.792
794,test,A,0,N_456,15156,2022-07-12 00:57:46.392
795,test,A,0,N_457,15179,2022-07-12 00:57:52.787
796,test,A,0,N_458,15206,2022-07-12 00:58:00.779
797,test,A,0,N_460,15229,2022-07-12 00:58:17.587
798,test,A,0,N_460,15245,2022-07-12 00:58:19.187
799,test,A,0,N_460,15261,2022-07-12 00:58:20.787
800,test,A,0,N_461,15279,2022-07-12 00:58:24.593
801,test,A,0,N_461,15295,2022-07-12 00:58:26.193
802,test,A,0,N_461,15311,2022-07-12 00:58:27.793
803,test,A,0,N_462,15327,2022-07-12 00:58:32.643
804,test,A,0,N_462,15343,2022-07-12 00:58:34.243
805,test,A,0,N_463,15361,2022-07-12 00:58:40.588
806,test,A,0,N_463,15377,2022-07-12 00:58:42.188
807,test,A,0,N_464,15395,2022-07-12 00:58:48.559
808,test,A,0,N_466,15423,2022-07-12 00:59:05.768
809,test,A,0,N_466,15439,2022-07-12 00:59:07.368
810,test,A,0,N_466,15455,2022-07-12 00:59:08.968
811,test,A,0,N_467,15473,2022-07-12 00:59:12.485
812,test,A,0,N_467,15489,2022-07-12 00:59:14.085
813,test,A,0,N_467,15505,2022-07-12 00:59:15.685
814,test,A,0,N_468,15522,2022-07-12 00:59:20.419
815,test,A,0,N_468,15538,2022-07-12 00:59:22.019
816,test,A,0,N_469,15558,2022-07-12 00:59:28.347
817,test,A,0,N_469,15574,2022-07-12 00:59:29.947
818,test,A,0,N_470,15595,2022-07-12 00:59:36.371
819,train,B,0,N_472,15630,2022-07-12 00:59:53.992
820,train,B,0,N_472,15646,2022-07-12 00:59:55.592
821,train,B,0,N_472,15662,2022-07-12 00:59:57.192
822,train,B,0,N_473,15680,2022-07-12 01:00:00.660
823,train,B,0,N_473,15696,2022-07-12 01:00:02.260
824,train,B,0,N_473,15712,2022-07-12 01:00:03.860
825,train,B,0,N_474,15730,2022-07-12 01:00:08.365
826,train,B,0,N_474,15746,2022-07-12 01:00:09.965
827,train,B,0,N_475,15769,2022-07-12 01:00:16.392
828,train,B,0,N_477,15810,2022-07-12 01:00:34.124
829,train,B,0,N_477,15826,2022-07-12 01:00:35.724
830,train,B,0,N_477,15842,2022-07-12 01:00:37.324
831,train,B,0,N_478,15860,2022-07-12 01:00:40.804
832,train,B,0,N_478,15876,2022-07-12 01:00:42.404
833,train,B,0,N_478,15892,2022-07-12 01:00:44.004
834,train,B,0,N_479,15910,2022-07-12 01:00:50.060
835,train,B,0,N_479,15926,2022-07-12 01:00:51.660
836,train,B,0,N_479,15942,2022-07-12 01:00:53.260
837,train,B,0,N_480,15960,2022-07-12 01:00:56.832
838,train,B,0,N_480,15976,2022-07-12 01:00:58.432
839,train,B,0,N_480,15992,2022-07-12 01:01:00.032
840,train,B,0,N_481,16010,2022-07-12 01:01:04.524
841,train,B,0,N_481,16026,2022-07-12 01:01:06.124
842,train,B,0,N_482,16051,2022-07-12 01:01:13.118
843,train,B,0,N_482,16067,2022-07-12 01:01:14.718
844,train,B,0,N_482,16083,2022-07-12 01:01:16.318
845,train,B,0,N_483,16101,2022-07-12 01:01:20.296
846,train,B,0,N_483,16117,2022-07-12 01:01:21.896
847,train,B,0,N_484,16145,2022-07-12 01:01:28.171
848,train,B,0,N_484,16161,2022-07-12 01:01:29.771
849,train,B,0,N_485,16189,2022-07-12 01:01:36.160
850,train,B,0,N_485,16205,2022-07-12 01:01:37.760
851,train,B,0,N_486,16233,2022-07-12 01:01:44.306
852,train,B,0,N_486,16249,2022-07-12 01:01:45.906
853,train,B,0,N_487,16276,2022-07-12 01:01:52.260
854,train,B,0,N_487,16292,2022-07-12 01:01:53.860
855,train,B,0,N_488,16311,2022-07-12 01:02:00.218
856,train,B,0,N_489,16334,2022-07-12 01:02:08.325
857,train,B,0,N_491,16363,2022-07-12 01:02:33.380
858,train,B,0,N_491,16379,2022-07-12 01:02:34.980
859,train,B,0,N_491,16395,2022-07-12 01:02:36.580
860,train,B,0,N_492,16413,2022-07-12 01:02:40.198
861,train,B,0,N_492,16429,2022-07-12 01:02:41.798
862,train,B,0,N_492,16445,2022-07-12 01:02:43.398
863,train,B,0,N_493,16463,2022-07-12 01:02:48.171
864,train,B,0,N_493,16479,2022-07-12 01:02:49.771
865,train,B,0,N_494,16502,2022-07-12 01:02:56.132
866,train,B,0,N_497,16557,2022-07-12 01:03:22.041
867,train,B,0,N_497,16573,2022-07-12 01:03:23.641
868,train,B,0,N_497,16589,2022-07-12 01:03:25.241
869,train,B,0,N_498,16607,2022-07-12 01:03:29.848
870,train,B,0,N_498,16623,2022-07-12 01:03:31.448
871,train,B,0,N_498,16639,2022-07-12 01:03:33.048
872,train,B,0,N_499,16657,2022-07-12 01:03:36.502
873,train,B,0,N_499,16673,2022-07-12 01:03:38.102
874,train,B,0,N_499,16689,2022-07-12 01:03:39.702
875,train,B,0,N_500,16707,2022-07-12 01:03:44.460
876,train,B,0,N_500,16723,2022-07-12 01:03:46.060
877,train,B,0,N_501,16744,2022-07-12 01:03:52.400
878,train,B,0,N_504,16792,2022-07-12 01:04:17.855
879,train,B,0,N_504,16808,2022-07-12 01:04:19.455
880,train,B,0,N_504,16824,2022-07-12 01:04:21.055
881,train,B,0,N_505,16842,2022-07-12 01:04:24.809
882,train,B,0,N_505,16858,2022-07-12 01:04:26.409
883,train,B,0,N_505,16874,2022-07-12 01:04:28.009
884,train,B,0,N_506,16892,2022-07-12 01:04:32.499
885,train,B,0,N_506,16908,2022-07-12 01:04:34.099
886,train,B,0,N_507,16930,2022-07-12 01:04:40.439
887,train,B,0,N_509,16970,2022-07-12 01:04:58.256
888,train,B,0,N_509,16986,2022-07-12 01:04:59.856
889,train,B,0,N_509,17002,2022-07-12 01:05:01.456
890,train,B,0,N_510,17020,2022-07-12 01:05:04.844
891,train,B,0,N_510,17036,2022-07-12 01:05:06.444
892,train,B,0,N_510,17052,2022-07-12 01:05:08.044
893,train,B,0,N_511,17070,2022-07-12 01:05:12.740
894,train,B,0,N_511,17086,2022-07-12 01:05:14.340
895,train,B,0,N_512,17108,2022-07-12 01:05:20.820
896,train,B,0,N_514,17147,2022-07-12 01:05:45.204
897,train,B,0,N_514,17163,2022-07-12 01:05:46.804
898,train,B,0,N_514,17179,2022-07-12 01:05:48.404
899,train,B,0,N_515,17197,2022-07-12 01:05:53.230
900,train,B,0,N_515,17213,2022-07-12 01:05:54.830
901,train,B,0,N_515,17229,2022-07-12 01:05:56.430
902,train,B,0,N_516,17247,2022-07-12 01:06:01.096
903,train,B,0,N_516,17263,2022-07-12 01:06:02.696
904,train,B,0,N_517,17287,2022-07-12 01:06:09.221
905,train,B,0,N_519,17325,2022-07-12 01:06:26.758
906,train,B,0,N_519,17341,2022-07-12 01:06:28.358
907,train,B,0,N_519,17357,2022-07-12 01:06:29.958
908,train,B,0,N_520,17375,2022-07-12 01:06:33.408
909,train,B,0,N_520,17391,2022-07-12 01:06:35.008
910,train,B,0,N_520,17407,2022-07-12 01:06:36.608
911,val,B,0,N_521,17425,2022-07-12 01:06:41.133
912,val,B,0,N_521,17441,2022-07-12 01:06:42.733
913,val,B,0,N_522,17464,2022-07-12 01:06:49.173
914,val,B,0,N_524,17500,2022-07-12 01:07:07.819
915,val,B,0,N_524,17516,2022-07-12 01:07:09.419
916,val,B,0,N_524,17532,2022-07-12 01:07:11.019
917,val,B,0,N_525,17550,2022-07-12 01:07:14.504
918,val,B,0,N_525,17566,2022-07-12 01:07:16.104
919,val,B,0,N_525,17582,2022-07-12 01:07:17.704
920,val,B,0,N_526,17600,2022-07-12 01:07:21.267
921,val,B,0,N_526,17616,2022-07-12 01:07:22.867
922,val,B,0,N_526,17632,2022-07-12 01:07:24.467
923,val,B,0,N_527,17649,2022-07-12 01:07:29.260
924,val,B,0,N_527,17665,2022-07-12 01:07:30.860
925,val,B,0,N_528,17685,2022-07-12 01:07:37.255
926,val,B,0,N_531,17722,2022-07-12 01:07:54.616
927,val,B,0,N_531,17738,2022-07-12 01:07:56.216
928,val,B,0,N_531,17754,2022-07-12 01:07:57.816
929,val,B,0,N_532,17772,2022-07-12 01:08:01.324
930,val,B,0,N_532,17788,2022-07-12 01:08:02.924
931,val,B,0,N_532,17804,2022-07-12 01:08:04.524
932,val,B,0,N_533,17822,2022-07-12 01:08:09.198
933,val,B,0,N_533,17838,2022-07-12 01:08:10.798
934,val,B,0,N_534,17860,2022-07-12 01:08:17.218
935,val,B,0,N_536,17895,2022-07-12 01:08:34.704
936,val,B,0,N_536,17911,2022-07-12 01:08:36.304
937,val,B,0,N_536,17927,2022-07-12 01:08:37.904
938,val,B,0,N_537,17945,2022-07-12 01:08:41.601
939,val,B,0,N_537,17961,2022-07-12 01:08:43.201
940,val,B,0,N_537,17977,2022-07-12 01:08:44.801
941,val,B,0,N_538,17995,2022-07-12 01:08:49.676
942,val,B,0,N_538,18011,2022-07-12 01:08:51.276
943,test,B,0,N_539,18030,2022-07-12 01:08:57.709
944,test,B,0,N_542,18071,2022-07-12 01:09:23.128
945,test,B,0,N_542,18087,2022-07-12 01:09:24.728
946,test,B,0,N_542,18103,2022-07-12 01:09:26.328
947,test,B,0,N_543,18121,2022-07-12 01:09:29.681
948,test,B,0,N_543,18137,2022-07-12 01:09:31.281
949,test,B,0,N_543,18153,2022-07-12 01:09:32.881
950,test,B,0,N_544,18171,2022-07-12 01:09:37.774
951,test,B,0,N_544,18187,2022-07-12 01:09:39.374
952,test,B,0,N_545,18207,2022-07-12 01:09:45.835
953,test,B,0,N_548,18244,2022-07-12 01:10:11.168
954,test,B,0,N_548,18260,2022-07-12 01:10:12.768
955,test,B,0,N_548,18276,2022-07-12 01:10:14.368
956,test,B,0,N_549,18294,2022-07-12 01:10:18.055
957,test,B,0,N_549,18310,2022-07-12 01:10:19.655
958,test,B,0,N_549,18326,2022-07-12 01:10:21.255
959,test,B,0,N_550,18343,2022-07-12 01:10:26.247
960,test,B,0,N_550,18359,2022-07-12 01:10:27.847
961,test,B,0,N_551,18389,2022-07-12 01:10:34.272
962,test,B,0,N_551,18405,2022-07-12 01:10:35.872
963,test,B,0,N_552,18434,2022-07-12 01:10:42.242
964,test,B,0,N_553,18465,2022-07-12 01:10:50.426
965,test,B,0,N_555,18485,2022-07-12 01:11:00.537
966,test,B,0,N_555,18501,2022-07-12 01:11:02.137
967,test,B,0,N_555,18517,2022-07-12 01:11:03.737
968,test,B,0,N_556,18535,2022-07-12 01:11:07.348
969,test,B,0,N_556,18551,2022-07-12 01:11:08.948
970,test,B,0,N_556,18567,2022-07-12 01:11:10.548
971,test,B,0,N_557,18585,2022-07-12 01:11:14.704
972,test,B,0,N_557,18601,2022-07-12 01:11:16.304
973,test,B,0,N_558,18630,2022-07-12 01:11:22.827
974,test,B,0,N_559,18660,2022-07-12 01:11:30.788
975,test,A,0,N_561,18684,2022-07-12 01:11:47.790
976,test,A,0,N_561,18700,2022-07-12 01:11:49.390
977,test,A,0,N_561,18716,2022-07-12 01:11:50.990
978,test,A,0,N_562,18734,2022-07-12 01:11:55.696
979,test,A,0,N_562,18750,2022-07-12 01:11:57.296
980,test,A,0,N_562,18766,2022-07-12 01:11:58.896
981,test,A,0,N_563,18784,2022-07-12 01:12:03.184
982,test,A,0,N_563,18800,2022-07-12 01:12:04.784
983,test,A,0,N_564,18828,2022-07-12 01:12:11.247
984,test,A,0,N_565,18858,2022-07-12 01:12:19.195
985,test,A,0,N_567,18880,2022-07-12 01:12:29.385
986,test,A,0,N_567,18896,2022-07-12 01:12:30.985
987,test,A,0,N_567,18912,2022-07-12 01:12:32.585
988,test,A,0,N_568,18930,2022-07-12 01:12:36.055
989,test,A,0,N_568,18946,2022-07-12 01:12:37.655
990,test,A,0,N_568,18962,2022-07-12 01:12:39.255
991,test,A,0,N_569,18980,2022-07-12 01:12:43.312
992,test,A,0,N_569,18996,2022-07-12 01:12:44.912
993,test,A,0,N_570,19024,2022-07-12 01:12:51.468
994,test,A,0,N_570,19040,2022-07-12 01:12:53.068
995,test,A,0,N_571,19066,2022-07-12 01:12:59.519
996,test,A,0,N_572,19096,2022-07-12 01:13:07.457
997,test,A,0,N_574,19124,2022-07-12 01:13:24.740
998,test,A,0,N_574,19140,2022-07-12 01:13:26.340
999,test,A,0,N_574,19156,2022-07-12 01:13:27.940
1000,test,A,0,N_575,19174,2022-07-12 01:13:32.840
1001,test,A,0,N_575,19190,2022-07-12 01:13:34.440
1002,test,A,0,N_575,19206,2022-07-12 01:13:36.040
1003,test,A,0,N_576,19224,2022-07-12 01:13:39.456
1004,test,A,0,N_576,19240,2022-07-12 01:13:41.056
1005,test,A,0,N_576,19256,2022-07-12 01:13:42.656
1006,test,A,0,N_577,19273,2022-07-12 01:13:47.379
1007,test,A,0,N_577,19289,2022-07-12 01:13:48.979
1008,test,A,0,N_578,19308,2022-07-12 01:13:55.330
1009,test,A,0,N_578,19324,2022-07-12 01:13:56.930
1010,test,A,0,N_579,19343,2022-07-12 01:14:03.369
1011,test,A,0,N_581,19377,2022-07-12 01:14:28.769
1012,test,A,0,N_581,19393,2022-07-12 01:14:30.369
1013,test,A,0,N_581,19409,2022-07-12 01:14:31.969
1014,test,A,0,N_582,19427,2022-07-12 01:14:35.252
1015,test,A,0,N_582,19443,2022-07-12 01:14:36.852
1016,test,A,0,N_582,19459,2022-07-12 01:14:38.452
1017,test,A,0,N_583,19477,2022-07-12 01:14:43.335
1018,test,A,0,N_583,19493,2022-07-12 01:14:44.935
1019,test,A,0,N_584,19514,2022-07-12 01:14:51.439
1020,test,A,0,N_586,19550,2022-07-12 01:15:17.019
1021,test,A,0,N_586,19566,2022-07-12 01:15:18.619
1022,test,A,0,N_586,19582,2022-07-12 01:15:20.219
1023,test,A,0,N_587,19600,2022-07-12 01:15:23.633
1024,test,A,0,N_587,19616,2022-07-12 01:15:25.233
1025,test,A,0,N_587,19632,2022-07-12 01:15:26.833
1026,test,A,0,N_588,19650,2022-07-12 01:15:31.236
1027,test,A,0,N_588,19666,2022-07-12 01:15:32.836
1028,test,A,0,N_589,19692,2022-07-12 01:15:39.216
1029,test,A,0,N_590,19721,2022-07-12 01:15:47.224
1030,test,A,0,N_592,19745,2022-07-12 01:16:04.244
1031,test,A,0,N_592,19761,2022-07-12 01:16:05.844
1032,test,A,0,N_592,19777,2022-07-12 01:16:07.444
1033,test,A,0,N_593,19795,2022-07-12 01:16:11.294
1034,test,A,0,N_593,19811,2022-07-12 01:16:12.894
1035,test,A,0,N_594,19841,2022-07-12 01:16:19.392
1036,test,A,0,N_594,19857,2022-07-12 01:16:20.992
1037,test,A,0,N_595,19876,2022-07-12 01:16:27.377
1038,test,A,0,N_597,19906,2022-07-12 01:16:44.524
1039,test,A,0,N_597,19922,2022-07-12 01:16:46.124
1040,test,A,0,N_597,19938,2022-07-12 01:16:47.724
1041,test,A,0,N_598,19956,2022-07-12 01:16:51.528
1042,test,A,0,N_598,19972,2022-07-12 01:16:53.128
1043,val,anom,1,X_1,4,2022-07-17 10:51:16.724
1044,val,anom,1,X_1,20,2022-07-17 10:51:18.324
1045,val,anom,1,X_1,36,2022-07-17 10:51:19.924
1046,val,anom,1,X_2,54,2022-07-17 10:51:23.615
1047,val,anom,1,X_2,70,2022-07-17 10:51:25.215
1048,val,anom,1,X_3,101,2022-07-17 10:51:31.734
1049,val,anom,1,X_4,132,2022-07-17 10:51:39.999
1050,val,anom,1,X_6,153,2022-07-17 10:51:56.684
1051,val,anom,1,X_6,169,2022-07-17 10:51:58.284
1052,val,anom,1,X_6,185,2022-07-17 10:51:59.884
1053,val,anom,1,X_7,203,2022-07-17 10:52:04.407
1054,val,anom,1,X_7,219,2022-07-17 10:52:06.007
1055,val,anom,1,X_8,243,2022-07-17 10:52:12.567
1056,test,anom,1,X_11,280,2022-07-17 10:52:38.172
1057,test,anom,1,X_11,296,2022-07-17 10:52:39.772
1058,test,anom,1,X_11,312,2022-07-17 10:52:41.372
1059,test,anom,1,X_12,330,2022-07-17 10:52:45.655
1060,test,anom,1,X_12,346,2022-07-17 10:52:47.255
1061,test,anom,1,X_13,372,2022-07-17 10:52:53.769
1062,test,anom,1,X_15,415,2022-07-17 10:53:11.764
1063,test,anom,1,X_15,431,2022-07-17 10:53:13.364
1064,test,anom,1,X_15,447,2022-07-17 10:53:14.964
1065,test,anom,1,X_16,465,2022-07-17 10:53:18.444
1066,test,anom,1,X_16,481,2022-07-17 10:53:20.044
1067,test,anom,1,X_16,497,2022-07-17 10:53:21.644
1068,test,anom,1,X_17,515,2022-07-17 10:53:26.553
1069,test,anom,1,X_17,531,2022-07-17 10:53:28.153
1070,test,anom,1,X_18,551,2022-07-17 10:53:34.639
